Start,Length,0,0.382,0.618,1,1.618,2.618,4.236,Total_Overlaps,loc_0,loc_0.382,loc_0.618,loc_1,loc_1.618,loc_2.618,loc_4.236
3,45,1,0,1,1,0,0,0,3,3,20.19,30.81,48,75.81,120.80999999999999,193.61999999999998
3,50,1,0,0,1,1,0,0,3,3,22.1,33.9,53,83.9,133.9,214.79999999999998
3,81,1,0,1,1,0,0,0,3,3,33.942,53.058,84,134.05800000000002,215.058,346.116
6,35,1,0,1,1,1,0,1,5,6,19.37,27.63,41,62.63,97.63,154.26
6,50,1,0,1,1,0,0,0,3,6,25.1,36.9,56,86.9,136.9,217.79999999999998
18,86,1,0,1,1,0,0,0,3,18,50.852000000000004,71.148,104,157.148,243.148,382.296
28,81,1,0,0,1,1,0,0,3,28,58.942,78.05799999999999,109,159.05800000000002,240.058,371.116
31,86,1,0,1,1,0,0,1,4,31,63.852000000000004,84.148,117,170.148,256.148,395.296
41,34,1,0,0,1,1,1,0,4,41,53.988,62.012,75,96.012,130.012,185.024
41,55,1,0,1,1,1,0,0,4,41,62.010000000000005,74.99000000000001,96,129.99,184.98999999999998,273.98
47,84,1,0,0,1,1,1,1,5,47,79.088,98.912,131,182.912,266.912,402.82399999999996
47,88,1,0,0,1,0,1,0,3,47,80.616,101.384,135,189.38400000000001,277.384,419.768
48,99,1,0,1,1,0,1,0,4,48,85.818,109.182,147,208.18200000000002,307.182,467.364
56,86,1,0,1,1,0,1,0,4,56,88.852,109.148,142,195.148,281.148,420.296
63,75,1,0,1,1,0,1,0,4,63,91.65,109.35,138,184.35000000000002,259.35,380.7
63,96,1,0,1,1,0,1,0,4,63,99.672,122.328,159,218.328,314.328,469.65599999999995
71,54,1,0,1,1,0,0,0,3,71,91.628,104.372,125,158.372,212.37199999999999,299.744
71,75,1,0,1,1,0,1,0,4,71,99.65,117.35,146,192.35000000000002,267.35,388.7
71,88,1,0,1,1,0,0,0,3,71,104.616,125.384,159,213.38400000000001,301.384,443.768
75,34,1,0,1,1,1,0,0,4,75,87.988,96.012,109,130.012,164.012,219.024
75,50,1,0,0,1,0,1,0,3,75,94.1,105.9,125,155.9,205.9,286.79999999999995
75,96,1,0,0,1,1,0,1,4,75,111.672,134.328,171,230.328,326.328,481.65599999999995
84,54,1,0,1,1,1,1,0,5,84,104.628,117.372,138,171.372,225.37199999999999,312.744
84,75,1,0,1,1,0,1,0,4,84,112.65,130.35,159,205.35000000000002,280.35,401.7
104,50,1,0,1,1,0,0,0,3,104,123.1,134.9,154,184.9,234.9,315.79999999999995
104,75,1,0,0,1,1,0,0,3,104,132.65,150.35,179,225.35000000000002,300.35,421.7
104,79,1,0,1,1,0,0,0,3,104,134.178,152.822,183,231.822,310.822,438.644
109,50,1,0,0,1,1,0,0,3,109,128.1,139.9,159,189.9,239.9,320.79999999999995
109,81,1,0,1,1,0,0,0,3,109,139.942,159.058,190,240.05800000000002,321.058,452.116
117,61,1,0,0,1,0,1,0,3,117,140.302,154.698,178,215.698,276.698,375.39599999999996
122,92,1,0,1,1,0,1,0,4,122,157.144,178.856,214,270.856,362.856,511.712
125,65,1,0,0,1,1,0,0,3,125,149.83,165.17000000000002,190,230.17000000000002,295.16999999999996,400.34
125,81,1,0,0,1,0,1,0,3,125,155.942,175.058,206,256.058,337.058,468.116
131,65,1,0,1,1,0,0,0,3,131,155.83,171.17000000000002,196,236.17000000000002,301.16999999999996,406.34
135,61,1,0,0,1,1,0,0,3,135,158.302,172.698,196,233.698,294.698,393.39599999999996
135,99,1,0,1,1,0,0,0,3,135,172.81799999999998,196.18200000000002,234,295.182,394.182,554.364
138,88,1,0,0,1,1,0,0,3,138,171.61599999999999,192.38400000000001,226,280.384,368.384,510.768
138,92,1,0,0,1,0,1,0,3,138,173.144,194.856,230,286.856,378.856,527.712
142,88,1,0,1,1,0,1,1,5,142,175.61599999999999,196.38400000000001,230,284.384,372.384,514.768
142,92,1,0,0,1,0,1,0,3,142,177.144,198.856,234,290.856,382.856,531.712
146,50,1,0,0,1,0,1,1,4,146,165.1,176.9,196,226.9,276.9,357.79999999999995
146,92,1,0,0,1,0,1,0,3,146,181.144,202.856,238,294.856,386.856,535.712
147,79,1,0,1,1,0,0,1,4,147,177.178,195.822,226,274.822,353.822,481.644
154,88,1,0,0,1,1,0,0,3,154,187.61599999999999,208.38400000000001,242,296.384,384.384,526.768
159,34,1,0,0,1,1,0,0,3,159,171.988,180.012,193,214.012,248.012,303.024
159,55,1,0,1,1,0,0,0,3,159,180.01,192.99,214,247.99,302.99,391.98
159,75,1,0,0,1,1,0,1,4,159,187.65,205.35,234,280.35,355.35,476.7
171,35,1,0,1,1,0,0,0,3,171,184.37,192.63,206,227.63,262.63,319.26
171,84,1,0,0,1,1,0,0,3,171,203.088,222.912,255,306.91200000000003,390.912,526.824
171,88,1,0,1,1,0,0,0,3,171,204.61599999999999,225.38400000000001,259,313.384,401.384,543.768
171,96,1,0,1,1,0,0,1,4,171,207.672,230.328,267,326.328,422.328,577.656
179,55,1,0,0,1,0,1,0,3,179,200.01,212.99,234,267.99,322.99,411.98
183,84,1,0,0,1,0,1,0,3,183,215.088,234.912,267,318.91200000000003,402.912,538.824
186,45,1,0,1,1,1,1,0,5,186,203.19,213.81,231,258.81,303.81,376.62
190,35,1,0,0,1,1,0,0,3,190,203.37,211.63,225,246.63,281.63,338.26
190,65,1,0,1,1,0,0,0,3,190,214.83,230.17000000000002,255,295.17,360.16999999999996,465.34
193,88,1,0,1,1,0,1,1,5,193,226.61599999999999,247.38400000000001,281,335.384,423.384,565.768
196,84,1,0,0,1,1,0,0,3,196,228.088,247.912,280,331.91200000000003,415.912,551.824
202,45,1,0,1,1,0,0,0,3,202,219.19,229.81,247,274.81,319.81,392.62
202,65,1,0,1,1,1,1,1,6,202,226.83,242.17000000000002,267,307.17,372.16999999999996,477.34
214,96,1,0,1,1,1,0,0,4,214,250.672,273.328,310,369.328,465.328,620.656
225,55,1,0,1,1,1,1,0,5,225,246.01,258.99,280,313.99,368.99,457.98
226,84,1,0,0,1,0,1,0,3,226,258.088,277.912,310,361.91200000000003,445.912,581.824
226,88,1,0,1,1,0,0,0,3,226,259.616,280.384,314,368.384,456.384,598.768
231,65,1,0,0,1,1,0,0,3,231,255.83,271.17,296,336.17,401.16999999999996,506.34
231,79,1,0,1,1,0,0,1,4,231,261.178,279.822,310,358.822,437.822,565.644
234,89,1,0,1,1,1,0,0,4,234,267.998,289.002,323,378.002,467.00199999999995,611.0039999999999
242,54,1,0,0,1,0,1,1,4,242,262.628,275.372,296,329.372,383.37199999999996,470.744
247,34,1,0,0,1,0,1,0,3,247,259.988,268.012,281,302.012,336.012,391.024
249,61,1,0,0,1,1,0,1,4,249,272.302,286.698,310,347.698,408.698,507.39599999999996
249,65,1,0,1,1,0,0,0,3,249,273.83,289.17,314,354.17,419.16999999999996,524.3399999999999
249,99,1,0,1,1,0,0,0,3,249,286.818,310.182,348,409.182,508.182,668.364
255,34,1,0,0,1,1,1,1,5,255,267.988,276.012,289,310.012,344.012,399.024
255,55,1,0,1,1,1,1,0,5,255,276.01,288.99,310,343.99,398.99,487.98
259,45,1,0,0,1,1,0,0,3,259,276.19,286.81,304,331.81,376.81,449.62
259,89,1,0,1,1,1,0,0,4,259,292.998,314.002,348,403.002,492.00199999999995,636.0039999999999
267,65,1,0,1,1,1,0,0,4,267,291.83,307.17,332,372.17,437.16999999999996,542.3399999999999
273,50,1,0,1,1,0,0,0,3,273,292.1,303.9,323,353.9,403.9,484.79999999999995
280,34,1,0,0,1,0,1,0,3,280,292.988,301.012,314,335.012,369.012,424.024
280,84,1,0,1,1,0,0,0,3,280,312.088,331.912,364,415.91200000000003,499.912,635.824
280,92,1,0,1,1,1,1,0,5,280,315.144,336.856,372,428.856,520.856,669.712
280,99,1,0,0,1,1,0,1,4,280,317.818,341.182,379,440.182,539.182,699.364
281,88,1,0,0,1,1,0,0,3,281,314.616,335.384,369,423.384,511.384,653.768
289,34,1,0,1,1,1,1,0,5,289,301.988,310.012,323,344.012,378.012,433.024
304,54,1,0,1,1,0,0,0,3,304,324.628,337.372,358,391.372,445.37199999999996,532.744
304,65,1,0,1,1,0,0,1,4,304,328.83,344.17,369,409.17,474.16999999999996,579.3399999999999
304,99,1,0,0,1,1,1,0,4,304,341.818,365.182,403,464.182,563.182,723.364
307,92,1,0,1,1,0,0,0,3,307,342.144,363.856,399,455.856,547.856,696.712
314,34,1,0,0,1,1,1,0,4,314,326.988,335.012,348,369.012,403.012,458.024
314,50,1,0,0,1,1,0,0,3,314,333.1,344.9,364,394.9,444.9,525.8
314,55,1,0,1,1,1,0,0,4,314,335.01,347.99,369,402.99,457.99,546.98
314,81,1,0,1,1,0,0,0,3,314,344.942,364.058,395,445.058,526.058,657.116
337,35,1,0,0,1,0,1,0,3,337,350.37,358.63,372,393.63,428.63,485.26
344,34,1,0,0,1,1,0,0,3,344,356.988,365.012,378,399.012,433.012,488.024
344,35,1,0,0,1,0,1,0,3,344,357.37,365.63,379,400.63,435.63,492.26
344,55,1,0,1,1,0,0,0,3,344,365.01,377.99,399,432.99,487.99,576.98
344,96,1,0,1,1,0,0,1,4,344,380.672,403.328,440,499.328,595.328,750.656
348,35,1,0,0,1,0,1,1,4,348,361.37,369.63,383,404.63,439.63,496.26
348,88,1,0,0,1,1,1,0,4,348,381.616,402.384,436,490.384,578.384,720.768
358,84,1,0,0,1,1,1,0,4,358,390.088,409.912,442,493.91200000000003,577.912,713.824
358,88,1,0,0,1,0,1,0,3,358,391.616,412.384,446,500.384,588.384,730.768
363,79,1,0,0,1,0,1,0,3,363,393.178,411.822,442,490.822,569.822,697.644
364,96,1,0,1,1,0,0,1,4,364,400.672,423.328,460,519.328,615.328,770.656
372,45,1,0,0,1,0,1,1,4,372,389.19,399.81,417,444.81,489.81,562.62
372,92,1,0,1,1,1,0,0,4,372,407.144,428.856,464,520.856,612.856,761.712
378,99,1,0,0,1,1,0,0,3,378,415.818,439.182,477,538.182,637.182,797.364
379,50,1,0,0,1,1,0,1,4,379,398.1,409.9,429,459.9,509.9,590.8
379,61,1,0,1,1,0,0,0,3,379,402.302,416.698,440,477.698,538.698,637.396
379,81,1,0,1,1,0,1,0,4,379,409.942,429.058,460,510.058,591.058,722.116
379,92,1,0,1,1,0,1,1,5,379,414.144,435.856,471,527.856,619.856,768.712
383,65,1,0,1,1,0,1,1,5,383,407.83,423.17,448,488.17,553.17,658.3399999999999
387,61,1,0,0,1,1,0,0,3,387,410.302,424.698,448,485.698,546.698,645.396
387,84,1,0,0,1,1,0,0,3,387,419.088,438.912,471,522.912,606.912,742.824
387,99,1,0,1,1,0,0,0,3,387,424.818,448.182,486,547.182,646.182,806.364
395,45,1,0,1,1,0,1,0,4,395,412.19,422.81,440,467.81,512.81,585.62
399,61,1,0,0,1,0,1,0,3,399,422.302,436.698,460,497.698,558.698,657.396
403,45,1,0,0,1,0,1,0,3,403,420.19,430.81,448,475.81,520.81,593.62
403,61,1,0,0,1,1,1,1,5,403,426.302,440.698,464,501.698,562.698,661.396
403,99,1,0,1,1,1,0,0,4,403,440.818,464.182,502,563.182,662.182,822.364
417,79,1,0,0,1,1,0,0,3,417,447.178,465.822,496,544.822,623.822,751.644
423,84,1,0,0,1,1,1,0,4,423,455.088,474.912,507,558.912,642.912,778.824
423,92,1,0,0,1,0,1,0,3,423,458.144,479.856,515,571.856,663.856,812.712
429,86,1,0,1,1,0,0,0,3,429,461.852,482.148,515,568.148,654.148,793.296
436,54,1,0,0,1,1,0,0,3,436,456.628,469.372,490,523.372,577.372,664.744
436,79,1,0,0,1,0,1,1,4,436,466.178,484.822,515,563.822,642.822,770.644
440,50,1,0,1,1,1,0,0,4,440,459.1,470.9,490,520.9,570.9,651.8
440,75,1,0,1,1,0,0,1,4,440,468.65,486.35,515,561.35,636.35,757.7
442,35,1,0,1,1,0,0,0,3,442,455.37,463.63,477,498.63,533.63,590.26
442,65,1,0,1,1,0,0,0,3,442,466.83,482.17,507,547.17,612.17,717.3399999999999
442,79,1,0,0,1,1,0,0,3,442,472.178,490.822,521,569.822,648.822,776.644
442,88,1,0,1,1,0,0,0,3,442,475.616,496.384,530,584.384,672.384,814.768
442,96,1,0,0,1,0,1,1,4,442,478.672,501.328,538,597.328,693.328,848.656
446,50,1,0,1,1,0,0,1,4,446,465.1,476.9,496,526.9,576.9,657.8
446,61,1,0,0,1,1,0,0,3,446,469.302,483.698,507,544.698,605.698,704.396
446,99,1,0,1,1,0,0,1,4,446,483.818,507.182,545,606.182,705.182,865.364
448,65,1,0,0,1,1,0,0,3,448,472.83,488.17,513,553.17,618.17,723.3399999999999
460,34,1,0,0,1,1,0,0,3,460,472.988,481.012,494,515.012,549.012,604.024
460,55,1,0,1,1,0,0,1,4,460,481.01,493.99,515,548.99,603.99,692.98
460,61,1,0,0,1,1,1,0,4,460,483.302,497.698,521,558.698,619.698,718.396
460,99,1,0,1,1,1,1,0,5,460,497.818,521.182,559,620.182,719.182,879.364
471,92,1,0,0,1,1,0,0,3,471,506.144,527.856,563,619.856,711.856,860.712
477,61,1,0,1,1,0,0,1,4,477,500.302,514.698,538,575.698,636.698,735.396
477,86,1,0,1,1,0,0,0,3,477,509.852,530.148,563,616.148,702.148,841.296
486,35,1,0,0,1,0,1,1,4,486,499.37,507.63,521,542.63,577.63,634.26
486,84,1,0,1,1,0,0,0,3,486,518.088,537.912,570,621.912,705.912,841.824
486,89,1,0,0,1,0,1,0,3,486,519.998,541.002,575,630.002,719.002,863.0039999999999
490,55,1,0,0,1,1,1,0,4,490,511.01,523.99,545,578.99,633.99,722.98
490,88,1,0,0,1,1,0,0,3,490,523.616,544.384,578,632.384,720.384,862.768
490,89,1,0,1,1,1,0,1,5,490,523.998,545.002,579,634.002,723.002,867.0039999999999
494,65,1,0,0,1,0,1,1,4,494,518.83,534.17,559,599.17,664.17,769.3399999999999
496,79,1,0,1,1,0,1,0,4,496,526.178,544.822,575,623.822,702.822,830.644
496,92,1,0,1,1,0,0,0,3,496,531.144,552.856,588,644.856,736.856,885.712
502,89,1,0,0,1,0,1,0,3,502,535.998,557.002,591,646.002,735.002,879.0039999999999
507,84,1,0,1,1,1,0,0,4,507,539.088,558.912,591,642.912,726.912,862.824
513,75,1,0,1,1,1,1,0,5,513,541.65,559.35,588,634.35,709.35,830.7
523,65,1,0,1,1,0,1,0,4,523,547.83,563.17,588,628.17,693.17,798.3399999999999
530,45,1,0,0,1,0,1,0,3,530,547.19,557.81,575,602.81,647.81,720.62
538,89,1,0,1,1,1,1,0,5,538,571.998,593.002,627,682.002,771.002,915.0039999999999
545,34,1,0,1,1,0,1,0,4,545,557.988,566.012,579,600.012,634.012,689.024
545,75,1,0,1,1,0,0,0,3,545,573.65,591.35,620,666.35,741.35,862.7
553,61,1,0,1,1,0,0,0,3,553,576.302,590.698,614,651.698,712.698,811.396
553,79,1,0,0,1,0,1,0,3,553,583.178,601.822,632,680.822,759.822,887.644
553,86,1,0,0,1,0,1,0,3,553,585.852,606.148,639,692.148,778.148,917.296
559,34,1,0,0,1,1,1,1,5,559,571.988,580.012,593,614.012,648.012,703.024
559,55,1,0,1,1,1,1,0,5,559,580.01,592.99,614,647.99,702.99,791.98
559,61,1,0,0,1,1,1,0,4,559,582.302,596.698,620,657.698,718.698,817.396
559,99,1,0,1,1,1,0,0,4,559,596.818,620.182,658,719.182,818.182,978.364
575,45,1,0,0,1,1,1,0,4,575,592.19,602.81,620,647.81,692.81,765.62
575,89,1,0,0,1,1,0,0,3,575,608.998,630.002,664,719.002,808.002,952.0039999999999
578,54,1,0,0,1,0,1,0,3,578,598.628,611.372,632,665.372,719.372,806.744
578,61,1,0,0,1,1,1,0,4,578,601.302,615.698,639,676.698,737.698,836.396
578,99,1,0,1,1,1,1,0,5,578,615.818,639.182,677,738.182,837.182,997.364
588,55,1,0,0,1,1,0,0,3,588,609.01,621.99,643,676.99,731.99,820.98
588,89,1,0,1,1,0,0,0,3,588,621.998,643.002,677,732.002,821.002,965.0039999999999
591,35,1,0,0,1,1,0,0,3,591,604.37,612.63,626,647.63,682.63,739.26
591,86,1,0,0,1,0,1,1,4,591,623.852,644.148,677,730.148,816.148,955.296
593,34,1,0,1,1,1,1,0,5,593,605.988,614.012,627,648.012,682.012,737.024
627,34,1,0,1,1,1,1,1,6,627,639.988,648.012,661,682.012,716.012,771.024
627,50,1,0,1,1,0,1,0,4,627,646.1,657.9,677,707.9,757.9,838.8
632,79,1,0,0,1,1,0,0,3,632,662.178,680.822,711,759.822,838.822,966.644
632,96,1,0,0,1,1,0,1,4,632,668.672,691.328,728,787.328,883.328,1038.656
634,75,1,0,0,1,1,0,0,3,634,662.65,680.35,709,755.35,830.35,951.7
639,61,1,0,1,1,1,1,0,5,639,662.302,676.698,700,737.698,798.698,897.396
639,89,1,0,0,1,1,0,0,3,639,672.998,694.002,728,783.002,872.002,1016.0039999999999
639,96,1,0,0,1,1,0,0,3,639,675.672,698.328,735,794.328,890.328,1045.656
643,34,1,0,1,1,0,0,1,4,643,655.988,664.012,677,698.012,732.012,787.024
643,92,1,0,1,1,0,0,0,3,643,678.144,699.856,735,791.856,883.856,1032.712
648,55,1,0,1,1,0,0,0,3,648,669.01,681.99,703,736.99,791.99,880.98
658,86,1,0,1,1,0,0,0,3,658,690.852,711.148,744,797.148,883.148,1022.296
664,96,1,0,0,1,1,0,0,3,664,700.672,723.328,760,819.328,915.328,1070.656
682,34,1,0,1,1,0,1,0,4,682,694.988,703.012,716,737.012,771.012,826.024
699,84,1,0,1,1,1,0,0,4,699,731.088,750.912,783,834.912,918.912,1054.824
699,88,1,0,0,1,0,1,0,3,699,732.616,753.384,787,841.384,929.384,1071.768
700,55,1,0,0,1,0,1,0,3,700,721.01,733.99,755,788.99,843.99,932.98
703,75,1,0,0,1,1,0,0,3,703,731.65,749.35,778,824.35,899.35,1020.7
716,35,1,0,1,1,0,0,0,3,716,729.37,737.63,751,772.63,807.63,864.26
719,75,1,0,0,1,1,0,0,3,719,747.65,765.35,794,840.35,915.35,1036.7
728,88,1,0,0,1,1,0,0,3,728,761.616,782.384,816,870.384,958.384,1100.768
728,96,1,0,1,1,0,1,0,4,728,764.672,787.328,824,883.328,979.328,1134.656
735,34,1,0,0,1,0,1,0,3,735,747.988,756.012,769,790.012,824.012,879.024
735,75,1,0,0,1,0,1,0,3,735,763.65,781.35,810,856.35,931.35,1052.7
735,84,1,0,1,1,0,1,1,5,735,767.088,786.912,819,870.912,954.912,1090.824
738,61,1,0,0,1,1,0,0,3,738,761.302,775.698,799,836.698,897.698,996.396
738,99,1,0,1,1,0,0,0,3,738,775.818,799.182,837,898.182,997.182,1157.364
740,88,1,0,1,1,1,0,0,4,740,773.616,794.384,828,882.384,970.384,1112.768
744,34,1,0,0,1,1,1,0,4,744,756.988,765.012,778,799.012,833.012,888.024
744,55,1,0,1,1,1,0,0,4,744,765.01,777.99,799,832.99,887.99,976.98
744,75,1,0,0,1,1,0,0,3,744,772.65,790.35,819,865.35,940.35,1061.7
744,84,1,0,0,1,1,0,1,4,744,776.088,795.912,828,879.912,963.912,1099.824
755,55,1,0,0,1,1,0,1,4,755,776.01,788.99,810,843.99,898.99,987.98
755,89,1,0,1,1,0,1,1,5,755,788.998,810.002,844,899.002,988.002,1132.004
760,34,1,0,0,1,0,1,1,4,760,772.988,781.012,794,815.012,849.012,904.024
760,84,1,0,1,1,0,0,0,3,760,792.088,811.912,844,895.912,979.912,1115.824
769,96,1,0,1,1,0,0,0,3,769,805.672,828.328,865,924.328,1020.328,1175.656
771,45,1,0,1,1,1,0,0,4,771,788.19,798.81,816,843.81,888.81,961.62
771,99,1,0,0,1,1,1,0,4,771,808.818,832.182,870,931.182,1030.182,1190.364
778,34,1,0,1,1,1,1,1,6,778,790.988,799.012,812,833.012,867.012,922.024
778,92,1,0,1,1,0,0,1,4,778,813.144,834.856,870,926.856,1018.856,1167.712
783,50,1,0,0,1,0,1,0,3,783,802.1,813.9,833,863.9,913.9,994.8
783,54,1,0,1,1,1,0,1,5,783,803.628,816.372,837,870.372,924.372,1011.744
783,61,1,0,0,1,1,0,0,3,783,806.302,820.698,844,881.698,942.698,1041.396
783,84,1,0,1,1,0,0,1,4,783,815.088,834.912,867,918.912,1002.912,1138.824
783,99,1,0,1,1,0,0,0,3,783,820.818,844.182,882,943.182,1042.182,1202.364
794,34,1,0,0,1,1,0,1,4,794,806.988,815.012,828,849.012,883.012,938.024
794,55,1,0,1,1,0,1,0,4,794,815.01,827.99,849,882.99,937.99,1026.98
799,50,1,0,0,1,1,0,0,3,799,818.1,829.9,849,879.9,929.9,1010.8
799,81,1,0,1,1,0,0,0,3,799,829.942,849.058,880,930.058,1011.058,1142.116
810,34,1,0,0,1,1,0,0,3,810,822.988,831.012,844,865.012,899.012,954.024
810,55,1,0,1,1,0,0,0,3,810,831.01,843.99,865,898.99,953.99,1042.98
812,92,1,0,0,1,1,0,0,3,812,847.144,868.856,904,960.856,1052.856,1201.712
816,88,1,0,1,1,0,0,0,3,816,849.616,870.384,904,958.384,1046.384,1188.768
816,92,1,0,0,1,0,1,0,3,816,851.144,872.856,908,964.856,1056.856,1205.712
819,61,1,0,0,1,0,1,0,3,819,842.302,856.698,880,917.698,978.698,1077.396
824,96,1,0,0,1,1,0,0,3,824,860.672,883.328,920,979.328,1075.328,1230.656
833,34,1,0,0,1,0,1,0,3,833,845.988,854.012,867,888.012,922.012,977.024
835,35,1,0,0,1,1,0,0,3,835,848.37,856.63,870,891.63,926.63,983.26
835,45,1,0,0,1,1,0,0,3,835,852.19,862.81,880,907.81,952.81,1025.62
835,96,1,0,0,1,0,1,0,3,835,871.672,894.328,931,990.328,1086.328,1241.656
837,45,1,0,1,1,0,1,0,4,837,854.19,864.81,882,909.81,954.81,1027.62
837,92,1,0,0,1,0,1,1,4,837,872.144,893.856,929,985.856,1077.856,1226.712
849,89,1,0,1,1,0,0,0,3,849,882.998,904.002,938,993.002,1082.002,1226.004
865,79,1,0,1,1,0,0,0,3,865,895.178,913.822,944,992.822,1071.8220000000001,1199.644
867,88,1,0,0,1,0,1,0,3,867,900.616,921.384,955,1009.384,1097.384,1239.768
870,50,1,0,0,1,0,1,0,3,870,889.1,900.9,920,950.9,1000.9,1081.8
870,61,1,0,1,1,0,1,1,5,870,893.302,907.698,931,968.698,1029.6979999999999,1128.396
870,96,1,0,1,1,1,0,0,4,870,906.672,929.328,966,1025.328,1121.328,1276.656
880,75,1,0,0,1,1,0,0,3,880,908.65,926.35,955,1001.35,1076.35,1197.7
880,99,1,0,0,1,0,1,1,4,880,917.818,941.182,979,1040.182,1139.182,1299.364
882,79,1,0,1,1,0,1,0,4,882,912.178,930.822,961,1009.822,1088.8220000000001,1216.644
892,54,1,0,0,1,1,0,0,3,892,912.628,925.372,946,979.372,1033.372,1120.744
904,75,1,0,1,1,1,1,0,5,904,932.65,950.35,979,1025.35,1100.35,1221.7
904,84,1,0,0,1,0,1,0,3,904,936.088,955.912,988,1039.912,1123.912,1259.824
920,35,1,0,0,1,0,1,0,3,920,933.37,941.63,955,976.63,1011.63,1068.26
920,81,1,0,0,1,0,1,0,3,920,950.942,970.058,1001,1051.058,1132.058,1263.116
922,96,1,0,0,1,0,1,0,3,922,958.672,981.328,1018,1077.328,1173.328,1328.656
931,99,1,0,0,1,1,0,0,3,931,968.818,992.182,1030,1091.182,1190.182,1350.364
944,35,1,0,1,1,1,0,0,4,944,957.37,965.63,979,1000.63,1035.63,1092.26
944,86,1,0,0,1,1,0,0,3,944,976.852,997.148,1030,1083.148,1169.148,1308.296
946,55,1,0,0,1,1,0,0,3,946,967.01,979.99,1001,1034.99,1089.99,1178.98
946,84,1,0,0,1,0,1,0,3,946,978.088,997.912,1030,1081.912,1165.912,1301.824
946,89,1,0,1,1,0,0,0,3,946,979.998,1001.002,1035,1090.002,1179.002,1323.004
950,55,1,0,0,1,1,0,0,3,950,971.01,983.99,1005,1038.99,1093.99,1182.98
950,89,1,0,1,1,0,0,0,3,950,983.998,1005.002,1039,1094.002,1183.002,1327.004
955,50,1,0,0,1,0,1,0,3,955,974.1,985.9,1005,1035.9,1085.9,1166.8
955,75,1,0,1,1,0,0,0,3,955,983.65,1001.35,1030,1076.35,1151.35,1272.7
955,92,1,0,1,1,0,0,0,3,955,990.144,1011.856,1047,1103.856,1195.856,1344.712
961,86,1,0,0,1,1,1,1,5,961,993.852,1014.148,1047,1100.148,1186.148,1325.296
961,88,1,0,0,1,0,1,0,3,961,994.616,1015.384,1049,1103.384,1191.384,1333.768
966,81,1,0,0,1,1,0,0,3,966,996.942,1016.058,1047,1097.058,1178.058,1309.116
975,55,1,0,0,1,0,1,0,3,975,996.01,1008.99,1030,1063.99,1118.99,1207.98
975,92,1,0,0,1,1,1,0,4,975,1010.144,1031.856,1067,1123.856,1215.856,1364.712
979,99,1,0,0,1,1,0,0,3,979,1016.818,1040.182,1078,1139.182,1238.182,1398.364
1001,96,1,0,0,1,0,1,0,3,1001,1037.672,1060.328,1097,1156.328,1252.328,1407.656
1005,84,1,0,1,1,1,0,0,4,1005,1037.088,1056.912,1089,1140.912,1224.912,1360.824
1012,79,1,0,1,1,0,1,1,5,1012,1042.178,1060.8220000000001,1091,1139.8220000000001,1218.8220000000001,1346.644
1018,79,1,0,1,1,0,0,0,3,1018,1048.178,1066.8220000000001,1097,1145.8220000000001,1224.8220000000001,1352.644
1025,61,1,0,0,1,1,0,1,4,1025,1048.302,1062.698,1086,1123.698,1184.6979999999999,1283.396
1025,99,1,0,1,1,0,0,0,3,1025,1062.818,1086.182,1124,1185.182,1284.182,1444.364
1035,65,1,0,0,1,0,1,0,3,1035,1059.83,1075.17,1100,1140.17,1205.17,1310.34
1047,50,1,0,1,1,1,0,0,4,1047,1066.1,1077.9,1097,1127.9,1177.9,1258.8
1057,34,1,0,1,1,0,0,0,3,1057,1069.988,1078.012,1091,1112.012,1146.012,1201.024
1067,61,1,0,0,1,1,1,1,5,1067,1090.302,1104.698,1128,1165.698,1226.6979999999999,1325.396
1067,65,1,0,0,1,0,1,0,3,1067,1091.83,1107.17,1132,1172.17,1237.17,1342.34
1067,99,1,0,1,1,1,0,0,4,1067,1104.818,1128.182,1166,1227.182,1326.182,1486.364
1078,54,1,0,0,1,0,1,0,3,1078,1098.628,1111.372,1132,1165.372,1219.372,1306.744
1078,88,1,0,1,1,0,0,0,3,1078,1111.616,1132.384,1166,1220.384,1308.384,1450.768
1089,84,1,0,1,1,0,0,0,3,1089,1121.088,1140.912,1173,1224.912,1308.912,1444.824
1091,75,1,0,0,1,0,1,0,3,1091,1119.65,1137.35,1166,1212.35,1287.35,1408.7
1097,35,1,0,1,1,0,0,0,3,1097,1110.37,1118.63,1132,1153.63,1188.63,1245.26
1097,89,1,0,0,1,1,0,1,4,1097,1130.998,1152.002,1186,1241.002,1330.002,1474.004
1100,86,1,0,0,1,0,1,0,3,1100,1132.852,1153.148,1186,1239.148,1325.148,1464.296
1119,45,1,0,0,1,1,1,0,4,1119,1136.19,1146.81,1164,1191.81,1236.81,1309.62
1119,84,1,0,0,1,1,0,0,3,1119,1151.088,1170.912,1203,1254.912,1338.912,1474.824
1119,86,1,0,0,1,1,1,0,4,1119,1151.852,1172.148,1205,1258.148,1344.148,1483.296
1124,79,1,0,1,1,1,0,0,4,1124,1154.178,1172.8220000000001,1203,1251.8220000000001,1330.8220000000001,1458.644
1124,81,1,0,0,1,1,1,1,5,1124,1154.942,1174.058,1205,1255.058,1336.058,1467.116
1128,96,1,0,0,1,1,1,0,4,1128,1164.672,1187.328,1224,1283.328,1379.328,1534.656
1132,54,1,0,0,1,1,0,0,3,1132,1152.628,1165.372,1186,1219.372,1273.372,1360.744
1132,65,1,0,0,1,1,0,1,4,1132,1156.83,1172.17,1197,1237.17,1302.17,1407.34
1132,92,1,0,0,1,1,0,0,3,1132,1167.144,1188.856,1224,1280.856,1372.856,1521.712
1139,34,1,0,1,1,0,0,1,4,1139,1151.988,1160.012,1173,1194.012,1228.012,1283.024
1141,88,1,0,1,1,1,1,0,5,1141,1174.616,1195.384,1229,1283.384,1371.384,1513.768
1164,88,1,0,0,1,1,0,1,4,1164,1197.616,1218.384,1252,1306.384,1394.384,1536.768
1166,50,1,0,1,1,0,0,0,3,1166,1185.1,1196.9,1216,1246.9,1296.9,1377.8
1166,86,1,0,1,1,0,0,0,3,1166,1198.852,1219.148,1252,1305.148,1391.148,1530.296
1166,89,1,0,0,1,0,1,0,3,1166,1199.998,1221.002,1255,1310.002,1399.002,1543.004
1166,92,1,0,0,1,0,1,0,3,1166,1201.144,1222.856,1258,1314.856,1406.856,1555.712
1191,61,1,0,1,1,0,0,0,3,1191,1214.302,1228.698,1252,1289.698,1350.6979999999999,1449.396
1191,75,1,0,1,1,0,1,0,4,1191,1219.65,1237.35,1266,1312.35,1387.35,1508.7
1192,79,1,0,1,1,0,1,0,4,1192,1222.178,1240.8220000000001,1271,1319.8220000000001,1398.8220000000001,1526.644
1192,89,1,0,0,1,1,0,0,3,1192,1225.998,1247.002,1281,1336.002,1425.002,1569.004
1195,34,1,0,1,1,0,0,0,3,1195,1207.988,1216.012,1229,1250.012,1284.012,1339.024
1195,86,1,0,0,1,0,1,1,4,1195,1227.852,1248.148,1281,1334.148,1420.148,1559.296
1195,92,1,0,1,1,1,0,0,4,1195,1230.144,1251.856,1287,1343.856,1435.856,1584.712
1197,86,1,0,0,1,1,0,1,4,1197,1229.852,1250.148,1283,1336.148,1422.148,1561.296
1203,84,1,0,1,1,0,0,1,4,1203,1235.088,1254.912,1287,1338.912,1422.912,1558.824
1203,96,1,0,0,1,0,1,1,4,1203,1239.672,1262.328,1299,1358.328,1454.328,1609.656
1216,50,1,0,0,1,0,1,1,4,1216,1235.1,1246.9,1266,1296.9,1346.9,1427.8
1224,75,1,0,0,1,0,1,0,3,1224,1252.65,1270.35,1299,1345.35,1420.35,1541.7
1224,92,1,0,1,1,0,0,0,3,1224,1259.144,1280.856,1316,1372.856,1464.856,1613.712
1227,84,1,0,0,1,0,1,0,3,1227,1259.088,1278.912,1311,1362.912,1446.912,1582.824
1227,89,1,0,0,1,1,0,1,4,1227,1260.998,1282.002,1316,1371.002,1460.002,1604.004
1229,54,1,0,0,1,1,0,1,4,1229,1249.628,1262.372,1283,1316.372,1370.372,1457.744
1229,88,1,0,1,1,1,0,0,4,1229,1262.616,1283.384,1317,1371.384,1459.384,1601.768
1237,34,1,0,1,1,1,0,0,4,1237,1249.988,1258.012,1271,1292.012,1326.012,1381.024
1237,99,1,0,0,1,1,0,0,3,1237,1274.818,1298.182,1336,1397.182,1496.182,1656.364
1241,75,1,0,1,1,1,0,1,5,1241,1269.65,1287.35,1316,1362.35,1437.35,1558.7
1252,35,1,0,0,1,0,1,0,3,1252,1265.37,1273.63,1287,1308.63,1343.63,1400.26
1252,54,1,0,0,1,0,1,0,3,1252,1272.628,1285.372,1306,1339.372,1393.372,1480.744
1252,65,1,0,1,1,0,0,0,3,1252,1276.83,1292.17,1317,1357.17,1422.17,1527.34
1255,81,1,0,0,1,0,1,0,3,1255,1285.942,1305.058,1336,1386.058,1467.058,1598.116
1255,88,1,0,0,1,1,0,0,3,1255,1288.616,1309.384,1343,1397.384,1485.384,1627.768
1255,89,1,0,0,1,1,0,1,4,1255,1288.998,1310.002,1344,1399.002,1488.002,1632.004
1258,86,1,0,1,1,1,0,0,4,1258,1290.852,1311.148,1344,1397.148,1483.148,1622.296
1266,50,1,0,0,1,1,1,1,5,1266,1285.1,1296.9,1316,1346.9,1396.9,1477.8
1266,81,1,0,1,1,1,1,0,5,1266,1296.942,1316.058,1347,1397.058,1478.058,1609.116
1266,96,1,0,1,1,1,0,0,4,1266,1302.672,1325.328,1362,1421.328,1517.328,1672.656
1271,45,1,0,1,1,1,1,1,6,1271,1288.19,1298.81,1316,1343.81,1388.81,1461.62
1271,65,1,0,1,1,0,1,1,5,1271,1295.83,1311.17,1336,1376.17,1441.17,1546.34
1271,88,1,0,1,1,0,0,1,4,1271,1304.616,1325.384,1359,1413.384,1501.384,1643.768
1281,81,1,0,0,1,0,1,0,3,1281,1311.942,1331.058,1362,1412.058,1493.058,1624.116
1283,92,1,0,0,1,0,1,0,3,1283,1318.144,1339.856,1375,1431.856,1523.856,1672.712
1287,92,1,0,1,1,0,0,1,4,1287,1322.144,1343.856,1379,1435.856,1527.856,1676.712
1292,79,1,0,0,1,1,0,0,3,1292,1322.178,1340.8220000000001,1371,1419.8220000000001,1498.8220000000001,1626.644
1299,88,1,0,0,1,1,0,0,3,1299,1332.616,1353.384,1387,1441.384,1529.384,1671.768
1301,35,1,0,0,1,0,1,0,3,1301,1314.37,1322.63,1336,1357.63,1392.63,1449.26
1301,86,1,0,0,1,0,1,1,4,1301,1333.852,1354.148,1387,1440.148,1526.148,1665.296
1311,88,1,0,0,1,0,1,0,3,1311,1344.616,1365.384,1399,1453.384,1541.384,1683.768
1317,54,1,0,0,1,0,1,1,4,1317,1337.628,1350.372,1371,1404.372,1458.372,1545.744
1336,35,1,0,0,1,1,1,0,4,1336,1349.37,1357.63,1371,1392.63,1427.63,1484.26
1336,88,1,0,0,1,1,0,0,3,1336,1369.616,1390.384,1424,1478.384,1566.384,1708.768
1343,81,1,0,1,1,1,0,0,4,1343,1373.942,1393.058,1424,1474.058,1555.058,1686.116
1344,45,1,0,0,1,0,1,0,3,1344,1361.19,1371.81,1389,1416.81,1461.81,1534.62
1347,50,1,0,0,1,1,1,1,5,1347,1366.1,1377.9,1397,1427.9,1477.9,1558.8
1347,81,1,0,1,1,1,1,0,5,1347,1377.942,1397.058,1428,1478.058,1559.058,1690.116
1352,55,1,0,0,1,1,0,0,3,1352,1373.01,1385.99,1407,1440.99,1495.99,1584.98
1352,89,1,0,1,1,0,0,0,3,1352,1385.998,1407.002,1441,1496.002,1585.002,1729.004
1359,61,1,0,1,1,1,1,0,5,1359,1382.302,1396.698,1420,1457.698,1518.6979999999999,1617.396
1359,65,1,0,1,1,0,0,0,3,1359,1383.83,1399.17,1424,1464.17,1529.17,1634.34
1362,88,1,0,0,1,0,1,0,3,1362,1395.616,1416.384,1450,1504.384,1592.384,1734.768
1371,79,1,0,1,1,0,0,0,3,1371,1401.178,1419.8220000000001,1450,1498.8220000000001,1577.8220000000001,1705.644
1371,96,1,0,0,1,1,0,0,3,1371,1407.672,1430.328,1467,1526.328,1622.328,1777.656
1375,45,1,0,1,1,0,1,0,4,1375,1392.19,1402.81,1420,1447.81,1492.81,1565.62
1375,75,1,0,1,1,0,0,0,3,1375,1403.65,1421.35,1450,1496.35,1571.35,1692.7
1375,79,1,0,1,1,0,1,0,4,1375,1405.178,1423.8220000000001,1454,1502.8220000000001,1581.8220000000001,1709.644
1375,92,1,0,0,1,1,0,0,3,1375,1410.144,1431.856,1467,1523.856,1615.856,1764.712
1379,45,1,0,1,1,0,0,0,3,1379,1396.19,1406.81,1424,1451.81,1496.81,1569.62
1379,79,1,0,1,1,0,0,0,3,1379,1409.178,1427.8220000000001,1458,1506.8220000000001,1585.8220000000001,1713.644
1379,88,1,0,0,1,1,0,0,3,1379,1412.616,1433.384,1467,1521.384,1609.384,1751.768
1387,54,1,0,1,1,1,0,0,4,1387,1407.628,1420.372,1441,1474.372,1528.372,1615.744
1389,65,1,0,0,1,0,1,0,3,1389,1413.83,1429.17,1454,1494.17,1559.17,1664.34
1393,35,1,0,0,1,1,0,1,4,1393,1406.37,1414.63,1428,1449.63,1484.63,1541.26
1393,65,1,0,0,1,1,0,0,3,1393,1417.83,1433.17,1458,1498.17,1563.17,1668.34
1393,89,1,0,0,1,1,1,0,4,1393,1426.998,1448.002,1482,1537.002,1626.002,1770.004
1393,96,1,0,0,1,0,1,0,3,1393,1429.672,1452.328,1489,1548.328,1644.328,1799.656
1397,50,1,0,1,1,1,0,0,4,1397,1416.1,1427.9,1447,1477.9,1527.9,1608.8
1397,92,1,0,1,1,1,0,1,5,1397,1432.144,1453.856,1489,1545.856,1637.856,1786.712
1399,88,1,0,0,1,1,1,0,4,1399,1432.616,1453.384,1487,1541.384,1629.384,1771.768
1399,99,1,0,0,1,1,0,0,3,1399,1436.818,1460.182,1498,1559.182,1658.182,1818.364
1403,75,1,0,0,1,1,1,0,4,1403,1431.65,1449.35,1478,1524.35,1599.35,1720.7
1403,79,1,0,0,1,0,1,1,4,1403,1433.178,1451.8220000000001,1482,1530.8220000000001,1609.8220000000001,1737.644
1407,86,1,0,0,1,1,1,1,5,1407,1439.852,1460.148,1493,1546.148,1632.148,1771.296
1420,34,1,0,1,1,0,0,0,3,1420,1432.988,1441.012,1454,1475.012,1509.012,1564.024
1421,84,1,0,0,1,0,1,0,3,1421,1453.088,1472.912,1505,1556.912,1640.912,1776.824
1421,89,1,0,0,1,0,1,1,4,1421,1454.998,1476.002,1510,1565.002,1654.002,1798.004
1424,50,1,0,0,1,1,0,0,3,1424,1443.1,1454.9,1474,1504.9,1554.9,1635.8
1424,81,1,0,1,1,0,0,0,3,1424,1454.942,1474.058,1505,1555.058,1636.058,1767.116
1424,86,1,0,0,1,0,1,0,3,1424,1456.852,1477.148,1510,1563.148,1649.148,1788.296
1428,96,1,0,1,1,0,0,0,3,1428,1464.672,1487.328,1524,1583.328,1679.328,1834.656
1447,79,1,0,0,1,0,1,0,3,1447,1477.178,1495.8220000000001,1526,1574.8220000000001,1653.8220000000001,1781.644
1454,65,1,0,0,1,1,0,0,3,1454,1478.83,1494.17,1519,1559.17,1624.17,1729.34
1458,61,1,0,0,1,0,1,0,3,1458,1481.302,1495.698,1519,1556.698,1617.6979999999999,1716.396
1458,79,1,0,0,1,0,1,0,3,1458,1488.178,1506.8220000000001,1537,1585.8220000000001,1664.8220000000001,1792.644
1458,96,1,0,0,1,1,0,0,3,1458,1494.672,1517.328,1554,1613.328,1709.328,1864.656
1462,92,1,0,1,1,0,0,0,3,1462,1497.144,1518.856,1554,1610.856,1702.856,1851.712
1467,54,1,0,0,1,1,1,0,4,1467,1487.628,1500.372,1521,1554.372,1608.372,1695.744
1467,92,1,0,1,1,0,0,0,3,1467,1502.144,1523.856,1559,1615.856,1707.856,1856.712
1474,45,1,0,0,1,0,1,1,4,1474,1491.19,1501.81,1519,1546.81,1591.81,1664.62
1482,55,1,0,0,1,0,1,1,4,1482,1503.01,1515.99,1537,1570.99,1625.99,1714.98
1482,79,1,0,0,1,1,1,1,5,1482,1512.178,1530.8220000000001,1561,1609.8220000000001,1688.8220000000001,1816.644
1487,50,1,0,0,1,0,1,0,3,1487,1506.1,1517.9,1537,1567.9,1617.9,1698.8
1487,86,1,0,1,1,1,0,0,4,1487,1519.852,1540.148,1573,1626.148,1712.148,1851.296
1489,35,1,0,0,1,1,0,1,4,1489,1502.37,1510.63,1524,1545.63,1580.63,1637.26
1493,61,1,0,0,1,1,0,0,3,1493,1516.302,1530.698,1554,1591.698,1652.6979999999999,1751.396
1493,89,1,0,0,1,1,0,1,4,1493,1526.998,1548.002,1582,1637.002,1726.002,1870.004
1493,99,1,0,1,1,0,0,0,3,1493,1530.818,1554.182,1592,1653.182,1752.182,1912.364
1505,35,1,0,0,1,0,1,0,3,1505,1518.37,1526.63,1540,1561.63,1596.63,1653.26
1505,99,1,0,0,1,1,0,1,4,1505,1542.818,1566.182,1604,1665.182,1764.182,1924.364
1510,89,1,0,0,1,1,0,0,3,1510,1543.998,1565.002,1599,1654.002,1743.002,1887.004
1519,35,1,0,1,1,0,0,1,4,1519,1532.37,1540.63,1554,1575.63,1610.63,1667.26
1521,61,1,0,1,1,0,0,0,3,1521,1544.302,1558.698,1582,1619.698,1680.6979999999999,1779.396
1521,89,1,0,0,1,1,0,0,3,1521,1554.998,1576.002,1610,1665.002,1754.002,1898.004
1521,92,1,0,0,1,0,1,0,3,1521,1556.144,1577.856,1613,1669.856,1761.856,1910.712
1524,75,1,0,0,1,0,1,0,3,1524,1552.65,1570.35,1599,1645.35,1720.35,1841.7
1524,84,1,0,0,1,0,1,1,4,1524,1556.088,1575.912,1608,1659.912,1743.912,1879.824
1526,35,1,0,0,1,0,1,0,3,1526,1539.37,1547.63,1561,1582.63,1617.63,1674.26
1537,50,1,0,0,1,1,0,0,3,1537,1556.1,1567.9,1587,1617.9,1667.9,1748.8
1537,55,1,0,0,1,1,0,0,3,1537,1558.01,1570.99,1592,1625.99,1680.99,1769.98
1537,81,1,0,1,1,0,0,1,4,1537,1567.942,1587.058,1618,1668.058,1749.058,1880.116
1537,89,1,0,1,1,0,0,0,3,1537,1570.998,1592.002,1626,1681.002,1770.002,1914.004
1540,92,1,0,1,1,1,0,0,4,1540,1575.144,1596.856,1632,1688.856,1780.856,1929.712
1541,88,1,0,0,1,0,1,0,3,1541,1574.616,1595.384,1629,1683.384,1771.384,1913.768
1546,86,1,0,1,1,0,1,0,4,1546,1578.852,1599.148,1632,1685.148,1771.148,1910.296
1554,45,1,0,1,1,0,0,0,3,1554,1571.19,1581.81,1599,1626.81,1671.81,1744.62
1554,54,1,0,1,1,1,0,0,4,1554,1574.628,1587.372,1608,1641.372,1695.372,1782.744
1559,45,1,0,1,1,1,1,0,5,1559,1576.19,1586.81,1604,1631.81,1676.81,1749.62
1559,54,1,0,1,1,0,0,0,3,1559,1579.628,1592.372,1613,1646.372,1700.372,1787.744
1559,88,1,0,1,1,1,0,0,4,1559,1592.616,1613.384,1647,1701.384,1789.384,1931.768
1561,86,1,0,0,1,0,1,0,3,1561,1593.852,1614.148,1647,1700.148,1786.148,1925.296
1561,88,1,0,0,1,0,1,0,3,1561,1594.616,1615.384,1649,1703.384,1791.384,1933.768
1573,35,1,0,0,1,0,1,0,3,1573,1586.37,1594.63,1608,1629.63,1664.63,1721.26
1582,50,1,0,1,1,0,1,0,4,1582,1601.1,1612.9,1632,1662.9,1712.9,1793.8
1582,55,1,0,0,1,1,0,1,4,1582,1603.01,1615.99,1637,1670.99,1725.99,1814.98
1582,89,1,0,1,1,0,1,0,4,1582,1615.998,1637.002,1671,1726.002,1815.002,1959.004
1587,50,1,0,1,1,0,0,0,3,1587,1606.1,1617.9,1637,1667.9,1717.9,1798.8
1587,84,1,0,0,1,1,0,1,4,1587,1619.088,1638.912,1671,1722.912,1806.912,1942.824
1592,34,1,0,1,1,1,0,1,5,1592,1604.988,1613.012,1626,1647.012,1681.012,1736.024
1592,45,1,0,0,1,1,0,0,3,1592,1609.19,1619.81,1637,1664.81,1709.81,1782.62
1592,75,1,0,0,1,1,0,0,3,1592,1620.65,1638.35,1667,1713.35,1788.35,1909.7
1592,79,1,0,1,1,1,0,0,4,1592,1622.178,1640.8220000000001,1671,1719.8220000000001,1798.8220000000001,1926.644
1604,45,1,0,1,1,1,0,0,4,1604,1621.19,1631.81,1649,1676.81,1721.81,1794.62
1610,34,1,0,0,1,1,0,0,3,1610,1622.988,1631.012,1644,1665.012,1699.012,1754.024
1610,55,1,0,1,1,0,0,0,3,1610,1631.01,1643.99,1665,1698.99,1753.99,1842.98
1610,79,1,0,0,1,1,1,0,4,1610,1640.178,1658.8220000000001,1689,1737.8220000000001,1816.8220000000001,1944.644
1610,92,1,0,1,1,0,0,0,3,1610,1645.144,1666.856,1702,1758.856,1850.856,1999.712
1618,89,1,0,0,1,1,0,0,3,1618,1651.998,1673.002,1707,1762.002,1851.002,1995.004
1626,45,1,0,1,1,0,1,1,5,1626,1643.19,1653.81,1671,1698.81,1743.81,1816.62
1632,35,1,0,1,1,1,0,0,4,1632,1645.37,1653.63,1667,1688.63,1723.63,1780.26
1632,81,1,0,0,1,1,0,0,3,1632,1662.942,1682.058,1713,1763.058,1844.058,1975.116
1637,65,1,0,1,1,0,0,0,3,1637,1661.83,1677.17,1702,1742.17,1807.17,1912.34
1641,86,1,0,0,1,0,1,0,3,1641,1673.852,1694.148,1727,1780.148,1866.148,2005.296
1644,45,1,0,0,1,0,1,0,3,1644,1661.19,1671.81,1689,1716.81,1761.81,1834.62
1644,88,1,0,0,1,1,0,1,4,1644,1677.616,1698.384,1732,1786.384,1874.384,2016.768
1644,92,1,0,1,1,0,0,1,4,1644,1679.144,1700.856,1736,1792.856,1884.856,2033.712
1647,55,1,0,0,1,1,1,1,5,1647,1668.01,1680.99,1702,1735.99,1790.99,1879.98
1647,89,1,0,1,1,1,1,0,5,1647,1680.998,1702.002,1736,1791.002,1880.002,2024.004
1649,89,1,0,0,1,0,1,0,3,1649,1682.998,1704.002,1738,1793.002,1882.002,2026.004
1665,55,1,0,0,1,0,1,0,3,1665,1686.01,1698.99,1720,1753.99,1808.99,1897.98
1667,34,1,0,0,1,0,1,1,4,1667,1679.988,1688.012,1701,1722.012,1756.012,1811.024
1667,35,1,0,1,1,0,0,1,4,1667,1680.37,1688.63,1702,1723.63,1758.63,1815.26
1667,65,1,0,1,1,0,0,0,3,1667,1691.83,1707.17,1732,1772.17,1837.17,1942.34
1671,65,1,0,0,1,0,1,0,3,1671,1695.83,1711.17,1736,1776.17,1841.17,1946.34
1677,61,1,0,1,1,0,0,0,3,1677,1700.302,1714.698,1738,1775.698,1836.6979999999999,1935.396
1689,55,1,0,1,1,0,1,0,4,1689,1710.01,1722.99,1744,1777.99,1832.99,1921.98
1701,35,1,0,1,1,0,0,0,3,1701,1714.37,1722.63,1736,1757.63,1792.63,1849.26
1707,79,1,0,1,1,0,0,0,3,1707,1737.178,1755.8220000000001,1786,1834.8220000000001,1913.8220000000001,2041.644
1715,96,1,0,0,1,1,0,0,3,1715,1751.672,1774.328,1811,1870.328,1966.328,2121.656
1723,75,1,0,0,1,0,1,0,3,1723,1751.65,1769.35,1798,1844.35,1919.35,2040.7
1727,96,1,0,1,1,1,0,1,5,1727,1763.672,1786.328,1823,1882.328,1978.328,2133.656
1736,50,1,0,0,1,1,0,0,3,1736,1755.1,1766.9,1786,1816.9,1866.9,1947.8
1736,55,1,0,0,1,0,1,1,4,1736,1757.01,1769.99,1791,1824.99,1879.99,1968.98
1736,79,1,0,0,1,0,1,0,3,1736,1766.178,1784.8220000000001,1815,1863.8220000000001,1942.8220000000001,2070.6440000000002
1736,81,1,0,1,1,0,0,1,4,1736,1766.942,1786.058,1817,1867.058,1948.058,2079.116
1738,79,1,0,1,1,1,0,0,4,1738,1768.178,1786.8220000000001,1817,1865.8220000000001,1944.8220000000001,2072.6440000000002
1738,89,1,0,0,1,1,0,0,3,1738,1771.998,1793.002,1827,1882.002,1971.002,2115.004
1744,79,1,0,0,1,0,1,1,4,1744,1774.178,1792.8220000000001,1823,1871.8220000000001,1950.8220000000001,2078.6440000000002
1744,89,1,0,0,1,0,1,0,3,1744,1777.998,1799.002,1833,1888.002,1977.002,2121.004
1756,55,1,0,0,1,0,1,0,3,1756,1777.01,1789.99,1811,1844.99,1899.99,1988.98
1762,79,1,0,1,1,0,1,0,4,1762,1792.178,1810.8220000000001,1841,1889.8220000000001,1968.8220000000001,2096.6440000000002
1763,84,1,0,1,1,0,0,0,3,1763,1795.088,1814.912,1847,1898.912,1982.912,2118.824
1786,55,1,0,0,1,1,0,0,3,1786,1807.01,1819.99,1841,1874.99,1929.99,2018.98
1786,89,1,0,1,1,0,0,0,3,1786,1819.998,1841.002,1875,1930.002,2019.002,2163.004
1787,54,1,0,0,1,0,1,0,3,1787,1807.628,1820.372,1841,1874.372,1928.372,2015.744
1787,88,1,0,1,1,0,1,0,4,1787,1820.616,1841.384,1875,1929.384,2017.384,2159.768
1791,79,1,0,0,1,1,0,0,3,1791,1821.178,1839.8220000000001,1870,1918.8220000000001,1997.8220000000001,2125.6440000000002
1802,45,1,0,0,1,1,0,0,3,1802,1819.19,1829.81,1847,1874.81,1919.81,1992.62
1809,61,1,0,1,1,1,1,1,6,1809,1832.302,1846.698,1870,1907.698,1968.6979999999999,2067.3959999999997
1809,88,1,0,0,1,1,1,1,5,1809,1842.616,1863.384,1897,1951.384,2039.384,2181.768
1811,55,1,0,0,1,1,0,0,3,1811,1832.01,1844.99,1866,1899.99,1954.99,2043.98
1811,89,1,0,1,1,0,0,0,3,1811,1844.998,1866.002,1900,1955.002,2044.002,2188.004
1811,92,1,0,0,1,1,0,1,4,1811,1846.144,1867.856,1903,1959.856,2051.8559999999998,2200.712
1815,45,1,0,0,1,0,1,0,3,1815,1832.19,1842.81,1860,1887.81,1932.81,2005.62
1817,86,1,0,1,1,0,0,0,3,1817,1849.852,1870.148,1903,1956.148,2042.148,2181.296
1827,81,1,0,0,1,0,1,1,4,1827,1857.942,1877.058,1908,1958.058,2039.058,2170.116
1827,92,1,0,0,1,1,0,1,4,1827,1862.144,1883.856,1919,1975.856,2067.8559999999998,2216.712
1833,75,1,0,0,1,1,0,0,3,1833,1861.65,1879.35,1908,1954.35,2029.35,2150.7
1841,92,1,0,0,1,1,0,0,3,1841,1876.144,1897.856,1933,1989.856,2081.8559999999998,2230.712
1847,81,1,0,1,1,0,0,0,3,1847,1877.942,1897.058,1928,1978.058,2059.058,2190.116
1847,96,1,0,0,1,1,0,0,3,1847,1883.672,1906.328,1943,2002.328,2098.328,2253.656
1870,54,1,0,1,1,0,1,1,5,1870,1890.628,1903.372,1924,1957.372,2011.372,2098.744
1875,79,1,0,1,1,0,0,0,3,1875,1905.178,1923.8220000000001,1954,2002.8220000000001,2081.822,2209.6440000000002
1875,88,1,0,0,1,1,0,0,3,1875,1908.616,1929.384,1963,2017.384,2105.384,2247.768
1882,81,1,0,0,1,1,0,0,3,1882,1912.942,1932.058,1963,2013.058,2094.058,2225.116
1897,54,1,0,0,1,1,0,0,3,1897,1917.628,1930.372,1951,1984.372,2038.372,2125.744
1897,79,1,0,0,1,1,1,0,4,1897,1927.178,1945.8220000000001,1976,2024.8220000000001,2103.822,2231.6440000000002
1900,54,1,0,1,1,0,0,0,3,1900,1920.628,1933.372,1954,1987.372,2041.372,2128.744
1903,35,1,0,0,1,1,0,0,3,1903,1916.37,1924.63,1938,1959.63,1994.63,2051.26
1903,81,1,0,0,1,1,0,0,3,1903,1933.942,1953.058,1984,2034.058,2115.058,2246.116
1903,96,1,0,0,1,1,0,0,3,1903,1939.672,1962.328,1999,2058.328,2154.328,2309.656
1908,61,1,0,0,1,1,0,1,4,1908,1931.302,1945.698,1969,2006.698,2067.698,2166.3959999999997
1908,99,1,0,1,1,0,0,0,3,1908,1945.818,1969.182,2007,2068.182,2167.182,2327.364
1919,35,1,0,0,1,1,1,1,5,1919,1932.37,1940.63,1954,1975.63,2010.63,2067.26
1928,79,1,0,1,1,0,0,0,3,1928,1958.178,1976.8220000000001,2007,2055.822,2134.822,2262.6440000000002
1933,92,1,0,1,1,0,0,1,4,1933,1968.144,1989.856,2025,2081.856,2173.8559999999998,2322.712
1938,61,1,0,1,1,0,0,0,3,1938,1961.302,1975.698,1999,2036.698,2097.698,2196.3959999999997
1938,75,1,0,1,1,0,1,0,4,1938,1966.65,1984.35,2013,2059.35,2134.35,2255.7
1938,79,1,0,0,1,0,1,0,3,1938,1968.178,1986.8220000000001,2017,2065.822,2144.822,2272.6440000000002
1938,96,1,0,0,1,0,1,0,3,1938,1974.672,1997.328,2034,2093.328,2189.328,2344.656
1943,96,1,0,1,1,0,0,0,3,1943,1979.672,2002.328,2039,2098.328,2194.328,2349.656
1954,96,1,0,1,1,1,0,0,4,1954,1990.672,2013.328,2050,2109.328,2205.328,2360.656
1969,65,1,0,0,1,0,1,0,3,1969,1993.83,2009.17,2034,2074.17,2139.17,2244.34
1977,81,1,0,0,1,0,1,0,3,1977,2007.942,2027.058,2058,2108.058,2189.058,2320.116
1990,89,1,0,0,1,1,0,1,4,1990,2023.998,2045.002,2079,2134.002,2223.002,2367.004
1999,35,1,0,1,1,0,0,0,3,1999,2012.37,2020.63,2034,2055.63,2090.63,2147.26
1999,55,1,0,0,1,1,0,0,3,1999,2020.01,2032.99,2054,2087.99,2142.99,2231.98
1999,89,1,0,1,1,0,0,0,3,1999,2032.998,2054.002,2088,2143.002,2232.002,2376.004
2011,65,1,0,0,1,1,0,0,3,2011,2035.83,2051.17,2076,2116.17,2181.17,2286.34
2013,75,1,0,0,1,1,0,0,3,2013,2041.65,2059.35,2088,2134.35,2209.35,2330.7
2017,50,1,0,0,1,0,1,1,4,2017,2036.1,2047.9,2067,2097.9,2147.9,2228.8
2017,79,1,0,0,1,1,1,0,4,2017,2047.178,2065.822,2096,2144.822,2223.822,2351.6440000000002
2017,92,1,0,0,1,1,0,0,3,2017,2052.144,2073.856,2109,2165.856,2257.8559999999998,2406.712
2021,55,1,0,0,1,1,0,0,3,2021,2042.01,2054.99,2076,2109.99,2164.99,2253.98
2021,89,1,0,1,1,0,0,0,3,2021,2054.998,2076.002,2110,2165.002,2254.002,2398.004
2025,54,1,0,1,1,0,1,0,4,2025,2045.628,2058.372,2079,2112.372,2166.372,2253.744
2025,84,1,0,0,1,0,1,0,3,2025,2057.088,2076.912,2109,2160.912,2244.912,2380.824
2031,45,1,0,0,1,1,0,0,3,2031,2048.19,2058.81,2076,2103.81,2148.81,2221.62
2031,65,1,0,0,1,0,1,0,3,2031,2055.83,2071.17,2096,2136.17,2201.17,2306.34
2031,79,1,0,0,1,1,0,0,3,2031,2061.178,2079.822,2110,2158.822,2237.822,2365.6440000000002
2031,92,1,0,1,1,0,0,0,3,2031,2066.144,2087.856,2123,2179.856,2271.8559999999998,2420.712
2034,54,1,0,1,1,0,1,0,4,2034,2054.628,2067.372,2088,2121.372,2175.372,2262.744
2034,65,1,0,0,1,1,0,0,3,2034,2058.83,2074.17,2099,2139.17,2204.17,2309.34
2039,65,1,0,1,1,0,0,0,3,2039,2063.83,2079.17,2104,2144.17,2209.17,2314.34
2039,84,1,0,0,1,1,0,0,3,2039,2071.088,2090.912,2123,2174.912,2258.912,2394.824
2054,55,1,0,1,1,0,0,0,3,2054,2075.01,2087.99,2109,2142.99,2197.99,2286.98
2058,81,1,0,0,1,1,0,0,3,2058,2088.942,2108.058,2139,2189.058,2270.058,2401.116
2067,81,1,0,0,1,0,1,0,3,2067,2097.942,2117.058,2148,2198.058,2279.058,2410.116
2067,92,1,0,1,1,0,1,0,4,2067,2102.144,2123.856,2159,2215.856,2307.8559999999998,2456.712
2088,35,1,0,1,1,1,0,0,4,2088,2101.37,2109.63,2123,2144.63,2179.63,2236.26
2096,79,1,0,1,1,1,0,0,4,2096,2126.178,2144.822,2175,2223.822,2302.822,2430.6440000000002
2109,61,1,0,0,1,1,0,1,4,2109,2132.302,2146.698,2170,2207.698,2268.698,2367.3959999999997
2109,92,1,0,1,1,0,0,1,4,2109,2144.144,2165.856,2201,2257.856,2349.8559999999998,2498.712
2109,99,1,0,1,1,0,0,1,4,2109,2146.818,2170.182,2208,2269.182,2368.182,2528.364
2110,79,1,0,1,1,0,1,1,5,2110,2140.178,2158.822,2189,2237.822,2316.822,2444.6440000000002
2116,92,1,0,0,1,1,0,0,3,2116,2151.144,2172.856,2208,2264.856,2356.8559999999998,2505.712
2116,96,1,0,1,1,0,1,0,4,2116,2152.672,2175.328,2212,2271.328,2367.328,2522.656
2123,89,1,0,0,1,0,1,0,3,2123,2156.998,2178.002,2212,2267.002,2356.002,2500.004
2124,65,1,0,0,1,1,0,0,3,2124,2148.83,2164.17,2189,2229.17,2294.17,2399.34
2139,50,1,0,1,1,0,0,1,4,2139,2158.1,2169.9,2189,2219.9,2269.9,2350.8
2148,81,1,0,0,1,1,0,0,3,2148,2178.942,2198.058,2229,2279.058,2360.058,2491.116
2159,86,1,0,1,1,0,0,0,3,2159,2191.852,2212.148,2245,2298.148,2384.148,2523.296
2170,54,1,0,0,1,0,1,0,3,2170,2190.628,2203.372,2224,2257.372,2311.372,2398.744
2175,54,1,0,1,1,0,0,0,3,2175,2195.628,2208.372,2229,2262.372,2316.372,2403.744
2187,34,1,0,1,1,1,0,0,4,2187,2199.988,2208.012,2221,2242.012,2276.012,2331.024
2189,79,1,0,0,1,1,1,0,4,2189,2219.178,2237.822,2268,2316.822,2395.822,2523.6440000000002
2208,81,1,0,0,1,0,1,0,3,2208,2238.942,2258.058,2289,2339.058,2420.058,2551.116
2208,92,1,0,1,1,0,0,0,3,2208,2243.144,2264.856,2300,2356.856,2448.8559999999998,2597.712
2212,84,1,0,0,1,1,0,1,4,2212,2244.088,2263.912,2296,2347.912,2431.912,2567.824
2212,96,1,0,0,1,1,1,0,4,2212,2248.672,2271.328,2308,2367.328,2463.328,2618.656
2221,96,1,0,0,1,0,1,0,3,2221,2257.672,2280.328,2317,2376.328,2472.328,2627.656
2224,89,1,0,1,1,0,0,0,3,2224,2257.998,2279.002,2313,2368.002,2457.002,2601.004
2242,75,1,0,1,1,0,1,1,5,2242,2270.65,2288.35,2317,2363.35,2438.35,2559.7
2242,99,1,0,0,1,1,0,1,4,2242,2279.818,2303.182,2341,2402.182,2501.182,2661.364
2245,34,1,0,0,1,1,0,1,4,2245,2257.988,2266.012,2279,2300.012,2334.012,2389.024
2245,55,1,0,1,1,0,1,0,4,2245,2266.01,2278.99,2300,2333.99,2388.99,2477.98
2245,96,1,0,0,1,0,1,0,3,2245,2281.672,2304.328,2341,2400.328,2496.328,2651.656
2265,86,1,0,0,1,0,1,1,4,2265,2297.852,2318.148,2351,2404.148,2490.148,2629.296
2268,45,1,0,1,1,1,0,0,4,2268,2285.19,2295.81,2313,2340.81,2385.81,2458.62
2268,65,1,0,1,1,0,1,1,5,2268,2292.83,2308.17,2333,2373.17,2438.17,2543.34
2279,34,1,0,1,1,0,0,0,3,2279,2291.988,2300.012,2313,2334.012,2368.012,2423.024
2289,96,1,0,1,1,0,0,0,3,2289,2325.672,2348.328,2385,2444.328,2540.328,2695.656
2296,89,1,0,1,1,0,0,0,3,2296,2329.998,2351.002,2385,2440.002,2529.002,2673.004
2300,55,1,0,0,1,1,0,0,3,2300,2321.01,2333.99,2355,2388.99,2443.99,2532.98
2300,89,1,0,1,1,0,0,0,3,2300,2333.998,2355.002,2389,2444.002,2533.002,2677.004
2308,54,1,0,1,1,0,0,0,3,2308,2328.628,2341.372,2362,2395.372,2449.372,2536.744
2308,81,1,0,0,1,1,0,0,3,2308,2338.942,2358.058,2389,2439.058,2520.058,2651.116
2308,88,1,0,1,1,0,0,0,3,2308,2341.616,2362.384,2396,2450.384,2538.384,2680.768
2313,35,1,0,0,1,0,1,0,3,2313,2326.37,2334.63,2348,2369.63,2404.63,2461.26
2317,50,1,0,1,1,0,0,0,3,2317,2336.1,2347.9,2367,2397.9,2447.9,2528.8
2317,79,1,0,0,1,1,0,0,3,2317,2347.178,2365.822,2396,2444.822,2523.822,2651.6440000000002
2323,92,1,0,0,1,1,1,0,4,2323,2358.144,2379.856,2415,2471.856,2563.8559999999998,2712.712
2332,35,1,0,0,1,1,0,0,3,2332,2345.37,2353.63,2367,2388.63,2423.63,2480.26
2332,55,1,0,0,1,0,1,0,3,2332,2353.01,2365.99,2387,2420.99,2475.99,2564.98
2333,54,1,0,0,1,1,0,0,3,2333,2353.628,2366.372,2387,2420.372,2474.372,2561.744
2341,79,1,0,0,1,0,1,0,3,2341,2371.178,2389.822,2420,2468.822,2547.822,2675.6440000000002
2351,54,1,0,0,1,1,0,1,4,2351,2371.628,2384.372,2405,2438.372,2492.372,2579.744
2367,35,1,0,1,1,0,0,0,3,2367,2380.37,2388.63,2402,2423.63,2458.63,2515.26
2367,86,1,0,1,1,0,0,0,3,2367,2399.852,2420.148,2453,2506.148,2592.148,2731.296
2367,96,1,0,0,1,1,0,0,3,2367,2403.672,2426.328,2463,2522.328,2618.328,2773.656
2385,54,1,0,0,1,1,0,0,3,2385,2405.628,2418.372,2439,2472.372,2526.372,2613.744
2387,89,1,0,0,1,0,1,1,4,2387,2420.998,2442.002,2476,2531.002,2620.002,2764.004
2389,50,1,0,1,1,0,0,0,3,2389,2408.1,2419.9,2439,2469.9,2519.9,2600.8
2389,99,1,0,0,1,0,1,0,3,2389,2426.818,2450.182,2488,2549.182,2648.182,2808.364
2396,92,1,0,1,1,0,0,0,3,2396,2431.144,2452.856,2488,2544.856,2636.8559999999998,2785.712
2402,86,1,0,0,1,0,1,0,3,2402,2434.852,2455.148,2488,2541.148,2627.148,2766.296
2405,61,1,0,0,1,1,0,0,3,2405,2428.302,2442.698,2466,2503.698,2564.698,2663.3959999999997
2405,99,1,0,1,1,0,0,0,3,2405,2442.818,2466.182,2504,2565.182,2664.182,2824.364
2415,81,1,0,0,1,0,1,1,4,2415,2445.942,2465.058,2496,2546.058,2627.058,2758.116
2415,89,1,0,0,1,0,1,1,4,2415,2448.998,2470.002,2504,2559.002,2648.002,2792.004
2420,79,1,0,0,1,1,1,0,4,2420,2450.178,2468.822,2499,2547.822,2626.822,2754.6440000000002
2420,84,1,0,1,1,0,0,0,3,2420,2452.088,2471.912,2504,2555.912,2639.912,2775.824
2420,89,1,0,0,1,1,0,1,4,2420,2453.998,2475.002,2509,2564.002,2653.002,2797.004
2438,61,1,0,1,1,0,0,0,3,2438,2461.302,2475.698,2499,2536.698,2597.698,2696.3959999999997
2438,84,1,0,1,1,0,0,1,4,2438,2470.088,2489.912,2522,2573.912,2657.912,2793.824
2439,65,1,0,0,1,0,1,0,3,2439,2463.83,2479.17,2504,2544.17,2609.17,2714.34
2439,75,1,0,0,1,1,0,1,4,2439,2467.65,2485.35,2514,2560.35,2635.35,2756.7
2463,92,1,0,0,1,0,1,0,3,2463,2498.144,2519.856,2555,2611.856,2703.8559999999998,2852.712
2466,55,1,0,0,1,1,0,0,3,2466,2487.01,2499.99,2521,2554.99,2609.99,2698.98
2466,89,1,0,1,1,0,0,0,3,2466,2499.998,2521.002,2555,2610.002,2699.002,2843.004
2476,45,1,0,1,1,0,0,1,4,2476,2493.19,2503.81,2521,2548.81,2593.81,2666.62
2476,84,1,0,1,1,0,0,0,3,2476,2508.088,2527.912,2560,2611.912,2695.912,2831.824
2476,92,1,0,0,1,0,1,1,4,2476,2511.144,2532.856,2568,2624.856,2716.8559999999998,2865.712
2488,34,1,0,1,1,1,0,0,4,2488,2500.988,2509.012,2522,2543.012,2577.012,2632.024
2488,84,1,0,0,1,1,0,0,3,2488,2520.088,2539.912,2572,2623.912,2707.912,2843.824
2490,65,1,0,0,1,1,0,0,3,2490,2514.83,2530.17,2555,2595.17,2660.17,2765.34
2496,99,1,0,0,1,1,0,0,3,2496,2533.818,2557.182,2595,2656.182,2755.182,2915.364
2509,55,1,0,1,1,0,0,0,3,2509,2530.01,2542.99,2564,2597.99,2652.99,2741.98
2509,75,1,0,1,1,0,0,0,3,2509,2537.65,2555.35,2584,2630.35,2705.35,2826.7
2509,86,1,0,0,1,1,1,1,5,2509,2541.852,2562.148,2595,2648.148,2734.148,2873.296
2514,50,1,0,0,1,1,0,0,3,2514,2533.1,2544.9,2564,2594.9,2644.9,2725.8
2514,81,1,0,1,1,0,0,1,4,2514,2544.942,2564.058,2595,2645.058,2726.058,2857.116
2521,99,1,0,0,1,0,1,1,4,2521,2558.818,2582.182,2620,2681.182,2780.182,2940.364
2528,81,1,0,0,1,0,1,0,3,2528,2558.942,2578.058,2609,2659.058,2740.058,2871.116
2528,92,1,0,1,1,0,0,0,3,2528,2563.144,2584.856,2620,2676.856,2768.8559999999998,2917.712
2528,99,1,0,0,1,1,1,0,4,2528,2565.818,2589.182,2627,2688.182,2787.182,2947.364
2543,84,1,0,1,1,1,0,1,5,2543,2575.088,2594.912,2627,2678.912,2762.912,2898.824
2548,81,1,0,0,1,1,0,0,3,2548,2578.942,2598.058,2629,2679.058,2760.058,2891.116
2555,84,1,0,0,1,0,1,1,4,2555,2587.088,2606.912,2639,2690.912,2774.912,2910.824
2560,79,1,0,1,1,1,0,0,4,2560,2590.178,2608.822,2639,2687.822,2766.822,2894.6440000000002
2560,84,1,0,0,1,0,1,0,3,2560,2592.088,2611.912,2644,2695.912,2779.912,2915.824
2560,96,1,0,0,1,1,0,0,3,2560,2596.672,2619.328,2656,2715.328,2811.328,2966.656
2564,65,1,0,0,1,0,1,0,3,2564,2588.83,2604.17,2629,2669.17,2734.17,2839.34
2564,84,1,0,0,1,1,0,0,3,2564,2596.088,2615.912,2648,2699.912,2783.912,2919.824
2568,61,1,0,0,1,1,1,0,4,2568,2591.302,2605.698,2629,2666.698,2727.698,2826.3959999999997
2568,65,1,0,0,1,0,1,0,3,2568,2592.83,2608.17,2633,2673.17,2738.17,2843.34
2568,99,1,0,1,1,1,0,0,4,2568,2605.818,2629.182,2667,2728.182,2827.182,2987.364
2572,55,1,0,0,1,1,0,0,3,2572,2593.01,2605.99,2627,2660.99,2715.99,2804.98
2572,84,1,0,1,1,0,1,1,5,2572,2604.088,2623.912,2656,2707.912,2791.912,2927.824
2572,89,1,0,1,1,0,0,0,3,2572,2605.998,2627.002,2661,2716.002,2805.002,2949.004
2580,81,1,0,0,1,0,1,0,3,2580,2610.942,2630.058,2661,2711.058,2792.058,2923.116
2580,99,1,0,0,1,1,0,0,3,2580,2617.818,2641.182,2679,2740.182,2839.182,2999.364
2584,55,1,0,0,1,0,1,0,3,2584,2605.01,2617.99,2639,2672.99,2727.99,2816.98
2584,96,1,0,0,1,0,1,1,4,2584,2620.672,2643.328,2680,2739.328,2835.328,2990.656
2595,61,1,0,1,1,0,0,0,3,2595,2618.302,2632.698,2656,2693.698,2754.698,2853.3959999999997
2609,84,1,0,1,1,0,0,0,3,2609,2641.088,2660.912,2693,2744.912,2828.912,2964.824
2620,89,1,0,0,1,1,0,0,3,2620,2653.998,2675.002,2709,2764.002,2853.002,2997.004
2627,34,1,0,1,1,0,0,0,3,2627,2639.988,2648.012,2661,2682.012,2716.012,2771.024
2627,61,1,0,0,1,0,1,1,4,2627,2650.302,2664.698,2688,2725.698,2786.698,2885.3959999999997
2629,75,1,0,0,1,0,1,0,3,2629,2657.65,2675.35,2704,2750.35,2825.35,2946.7
2633,34,1,0,0,1,1,1,0,4,2633,2645.988,2654.012,2667,2688.012,2722.012,2777.024
2633,55,1,0,1,1,1,0,1,5,2633,2654.01,2666.99,2688,2721.99,2776.99,2865.98
2639,54,1,0,0,1,0,1,0,3,2639,2659.628,2672.372,2693,2726.372,2780.372,2867.744
2639,61,1,0,0,1,1,0,0,3,2639,2662.302,2676.698,2700,2737.698,2798.698,2897.3959999999997
2639,65,1,0,1,1,0,1,1,5,2639,2663.83,2679.17,2704,2744.17,2809.17,2914.34
2639,99,1,0,1,1,0,0,0,3,2639,2676.818,2700.182,2738,2799.182,2898.182,3058.364
2644,65,1,0,0,1,0,1,0,3,2644,2668.83,2684.17,2709,2749.17,2814.17,2919.34
2644,84,1,0,0,1,1,0,0,3,2644,2676.088,2695.912,2728,2779.912,2863.912,2999.824
2648,86,1,0,0,1,1,1,0,4,2648,2680.852,2701.148,2734,2787.148,2873.148,3012.296
2648,92,1,0,0,1,1,1,0,4,2648,2683.144,2704.856,2740,2796.856,2888.8559999999998,3037.712
2661,54,1,0,0,1,0,1,0,3,2661,2681.628,2694.372,2715,2748.372,2802.372,2889.744
2667,45,1,0,0,1,1,0,0,3,2667,2684.19,2694.81,2712,2739.81,2784.81,2857.62
2667,79,1,0,0,1,0,1,0,3,2667,2697.178,2715.822,2746,2794.822,2873.822,3001.6440000000002
2679,61,1,0,1,1,0,0,1,4,2679,2702.302,2716.698,2740,2777.698,2838.698,2937.3959999999997
2679,96,1,0,1,1,0,0,0,3,2679,2715.672,2738.328,2775,2834.328,2930.328,3085.656
2688,34,1,0,1,1,0,0,0,3,2688,2700.988,2709.012,2722,2743.012,2777.012,2832.024
2693,35,1,0,1,1,0,0,1,4,2693,2706.37,2714.63,2728,2749.63,2784.63,2841.26
2700,75,1,0,1,1,0,0,0,3,2700,2728.65,2746.35,2775,2821.35,2896.35,3017.7
2700,92,1,0,1,1,0,0,0,3,2700,2735.144,2756.856,2792,2848.856,2940.8559999999998,3089.712
2712,45,1,0,1,1,0,0,0,3,2712,2729.19,2739.81,2757,2784.81,2829.81,2902.62
2712,75,1,0,1,1,0,0,0,3,2712,2740.65,2758.35,2787,2833.35,2908.35,3029.7
2715,79,1,0,1,1,0,0,1,4,2715,2745.178,2763.822,2794,2842.822,2921.822,3049.6440000000002
2717,92,1,0,0,1,1,0,0,3,2717,2752.144,2773.856,2809,2865.856,2957.8559999999998,3106.712
2722,35,1,0,0,1,0,1,0,3,2722,2735.37,2743.63,2757,2778.63,2813.63,2870.26
2728,81,1,0,0,1,0,1,0,3,2728,2758.942,2778.058,2809,2859.058,2940.058,3071.116
2730,45,1,0,1,1,0,0,1,4,2730,2747.19,2757.81,2775,2802.81,2847.81,2920.62
2730,79,1,0,0,1,0,1,0,3,2730,2760.178,2778.822,2809,2857.822,2936.822,3064.6440000000002
2730,84,1,0,0,1,1,0,0,3,2730,2762.088,2781.912,2814,2865.912,2949.912,3085.824
2730,92,1,0,1,1,0,0,1,4,2730,2765.144,2786.856,2822,2878.856,2970.8559999999998,3119.712
2734,75,1,0,1,1,0,0,0,3,2734,2762.65,2780.35,2809,2855.35,2930.35,3051.7
2738,54,1,0,0,1,1,0,0,3,2738,2758.628,2771.372,2792,2825.372,2879.372,2966.744
2740,35,1,0,0,1,1,0,0,3,2740,2753.37,2761.63,2775,2796.63,2831.63,2888.26
2740,54,1,0,0,1,0,1,1,4,2740,2760.628,2773.372,2794,2827.372,2881.372,2968.744
2746,34,1,0,0,1,0,1,0,3,2746,2758.988,2767.012,2780,2801.012,2835.012,2890.024
2746,79,1,0,0,1,1,0,0,3,2746,2776.178,2794.822,2825,2873.822,2952.822,3080.6440000000002
2757,65,1,0,1,1,0,0,0,3,2757,2781.83,2797.17,2822,2862.17,2927.17,3032.34
2757,84,1,0,1,1,0,1,0,4,2757,2789.088,2808.912,2841,2892.912,2976.912,3112.824
2758,34,1,0,0,1,0,1,0,3,2758,2770.988,2779.012,2792,2813.012,2847.012,2902.024
2758,84,1,0,0,1,1,0,0,3,2758,2790.088,2809.912,2842,2893.912,2977.912,3113.824
2764,45,1,0,1,1,0,0,0,3,2764,2781.19,2791.81,2809,2836.81,2881.81,2954.62
2764,54,1,0,1,1,0,0,0,3,2764,2784.628,2797.372,2818,2851.372,2905.372,2992.744
2770,55,1,0,0,1,0,1,0,3,2770,2791.01,2803.99,2825,2858.99,2913.99,3002.98
2770,65,1,0,0,1,0,1,1,4,2770,2794.83,2810.17,2835,2875.17,2940.17,3045.34
2775,99,1,0,0,1,0,1,0,3,2775,2812.818,2836.182,2874,2935.182,3034.182,3194.364
2780,34,1,0,0,1,1,0,1,4,2780,2792.988,2801.012,2814,2835.012,2869.012,2924.024
2780,55,1,0,1,1,0,1,0,4,2780,2801.01,2813.99,2835,2868.99,2923.99,3012.98
2780,61,1,0,1,1,0,1,0,4,2780,2803.302,2817.698,2841,2878.698,2939.698,3038.3959999999997
2787,35,1,0,1,1,0,0,0,3,2787,2800.37,2808.63,2822,2843.63,2878.63,2935.26
2787,54,1,0,0,1,1,1,0,4,2787,2807.628,2820.372,2841,2874.372,2928.372,3015.744
2792,50,1,0,0,1,1,0,0,3,2792,2811.1,2822.9,2842,2872.9,2922.9,3003.8
2792,55,1,0,0,1,1,0,1,4,2792,2813.01,2825.99,2847,2880.99,2935.99,3024.98
2792,65,1,0,0,1,0,1,0,3,2792,2816.83,2832.17,2857,2897.17,2962.17,3067.34
2792,81,1,0,1,1,0,0,1,4,2792,2822.942,2842.058,2873,2923.058,3004.058,3135.116
2792,89,1,0,1,1,0,1,0,4,2792,2825.998,2847.002,2881,2936.002,3025.002,3169.004
2797,50,1,0,0,1,1,1,1,5,2797,2816.1,2827.9,2847,2877.9,2927.9,3008.8
2797,81,1,0,1,1,1,1,0,5,2797,2827.942,2847.058,2878,2928.058,3009.058,3140.116
2802,79,1,0,0,1,0,1,0,3,2802,2832.178,2850.822,2881,2929.822,3008.822,3136.6440000000002
2809,65,1,0,0,1,1,0,1,4,2809,2833.83,2849.17,2874,2914.17,2979.17,3084.34
2818,55,1,0,0,1,0,1,0,3,2818,2839.01,2851.99,2873,2906.99,2961.99,3050.98
2818,99,1,0,0,1,0,1,0,3,2818,2855.818,2879.182,2917,2978.182,3077.182,3237.364
2825,86,1,0,1,1,0,1,0,4,2825,2857.852,2878.148,2911,2964.148,3050.148,3189.296
2825,89,1,0,0,1,1,0,1,4,2825,2858.998,2880.002,2914,2969.002,3058.002,3202.004
2825,96,1,0,0,1,1,1,0,4,2825,2861.672,2884.328,2921,2980.328,3076.328,3231.656
2825,99,1,0,0,1,0,1,0,3,2825,2862.818,2886.182,2924,2985.182,3084.182,3244.364
2835,50,1,0,1,1,0,0,0,3,2835,2854.1,2865.9,2885,2915.9,2965.9,3046.8
2841,99,1,0,0,1,0,1,0,3,2841,2878.818,2902.182,2940,3001.182,3100.182,3260.364
2866,45,1,0,1,1,0,0,1,4,2866,2883.19,2893.81,2911,2938.81,2983.81,3056.62
2873,88,1,0,0,1,1,0,0,3,2873,2906.616,2927.384,2961,3015.384,3103.384,3245.768
2873,89,1,0,1,1,0,0,0,3,2873,2906.998,2928.002,2962,3017.002,3106.002,3250.004
2873,96,1,0,0,1,0,1,1,4,2873,2909.672,2932.328,2969,3028.328,3124.328,3279.656
2874,54,1,0,0,1,1,1,0,4,2874,2894.628,2907.372,2928,2961.372,3015.372,3102.744
2874,88,1,0,1,1,0,0,0,3,2874,2907.616,2928.384,2962,3016.384,3104.384,3246.768
2878,50,1,0,0,1,0,1,0,3,2878,2897.1,2908.9,2928,2958.9,3008.9,3089.8
2881,96,1,0,1,1,0,0,1,4,2881,2917.672,2940.328,2977,3036.328,3132.328,3287.656
2885,92,1,0,0,1,1,0,0,3,2885,2920.144,2941.856,2977,3033.856,3125.8559999999998,3274.712
2889,35,1,0,1,1,0,0,1,4,2889,2902.37,2910.63,2924,2945.63,2980.63,3037.26
2894,75,1,0,1,1,1,0,0,4,2894,2922.65,2940.35,2969,3015.35,3090.35,3211.7
2894,86,1,0,0,1,1,0,0,3,2894,2926.852,2947.148,2980,3033.148,3119.148,3258.296
2894,92,1,0,0,1,0,1,0,3,2894,2929.144,2950.856,2986,3042.856,3134.8559999999998,3283.712
2914,84,1,0,0,1,1,0,0,3,2914,2946.088,2965.912,2998,3049.912,3133.912,3269.824
2914,92,1,0,0,1,1,0,0,3,2914,2949.144,2970.856,3006,3062.856,3154.8559999999998,3303.712
2921,65,1,0,1,1,0,1,0,4,2921,2945.83,2961.17,2986,3026.17,3091.17,3196.34
2921,88,1,0,0,1,1,0,0,3,2921,2954.616,2975.384,3009,3063.384,3151.384,3293.768
2928,81,1,0,0,1,1,0,0,3,2928,2958.942,2978.058,3009,3059.058,3140.058,3271.116
2937,88,1,0,1,1,0,1,0,4,2937,2970.616,2991.384,3025,3079.384,3167.384,3309.768
2937,96,1,0,0,1,0,1,0,3,2937,2973.672,2996.328,3033,3092.328,3188.328,3343.656
2961,45,1,0,0,1,1,0,1,4,2961,2978.19,2988.81,3006,3033.81,3078.81,3151.62
2962,92,1,0,1,1,0,0,0,3,2962,2997.144,3018.856,3054,3110.856,3202.8559999999998,3351.712
2968,89,1,0,0,1,0,1,0,3,2968,3001.998,3023.002,3057,3112.002,3201.002,3345.004
2969,50,1,0,0,1,1,1,0,4,2969,2988.1,2999.9,3019,3049.9,3099.9,3180.8
2969,65,1,0,1,1,0,0,0,3,2969,2993.83,3009.17,3034,3074.17,3139.17,3244.34
2969,81,1,0,1,1,1,0,1,5,2969,2999.942,3019.058,3050,3100.058,3181.058,3312.116
2977,34,1,0,1,1,0,0,0,3,2977,2989.988,2998.012,3011,3032.012,3066.012,3121.024
2977,86,1,0,0,1,0,1,0,3,2977,3009.852,3030.148,3063,3116.148,3202.148,3341.296
2980,35,1,0,0,1,1,0,1,4,2980,2993.37,3001.63,3015,3036.63,3071.63,3128.26
2980,96,1,0,0,1,1,0,0,3,2980,3016.672,3039.328,3076,3135.328,3231.328,3386.656
2986,54,1,0,1,1,0,0,0,3,2986,3006.628,3019.372,3040,3073.372,3127.372,3214.744
2986,96,1,0,1,1,0,0,1,4,2986,3022.672,3045.328,3082,3141.328,3237.328,3392.656
2991,86,1,0,0,1,1,1,0,4,2991,3023.852,3044.148,3077,3130.148,3216.148,3355.296
2998,84,1,0,1,1,0,0,1,4,2998,3030.088,3049.912,3082,3133.912,3217.912,3353.824
2998,86,1,0,0,1,0,1,0,3,2998,3030.852,3051.148,3084,3137.148,3223.148,3362.296
3009,45,1,0,1,1,1,0,0,4,3009,3026.19,3036.81,3054,3081.81,3126.81,3199.62
3009,50,1,0,1,1,0,0,0,3,3009,3028.1,3039.9,3059,3089.9,3139.9,3220.8
3009,75,1,0,0,1,1,0,0,3,3009,3037.65,3055.35,3084,3130.35,3205.35,3326.7
3011,34,1,0,0,1,0,1,0,3,3011,3023.988,3032.012,3045,3066.012,3100.012,3155.024
3011,99,1,0,0,1,1,0,0,3,3011,3048.818,3072.182,3110,3171.182,3270.182,3430.364
3015,35,1,0,1,1,0,0,0,3,3015,3028.37,3036.63,3050,3071.63,3106.63,3163.26
3019,35,1,0,0,1,1,0,1,4,3019,3032.37,3040.63,3054,3075.63,3110.63,3167.26
3019,65,1,0,1,1,1,0,0,4,3019,3043.83,3059.17,3084,3124.17,3189.17,3294.34
3037,54,1,0,0,1,1,0,0,3,3037,3057.628,3070.372,3091,3124.372,3178.372,3265.744
3037,81,1,0,0,1,0,1,0,3,3037,3067.942,3087.058,3118,3168.058,3249.058,3380.116
3045,75,1,0,1,1,0,0,0,3,3045,3073.65,3091.35,3120,3166.35,3241.35,3362.7
3054,81,1,0,0,1,1,0,0,3,3054,3084.942,3104.058,3135,3185.058,3266.058,3397.116
3057,34,1,0,0,1,0,1,1,4,3057,3069.988,3078.012,3091,3112.012,3146.012,3201.024
3063,61,1,0,0,1,0,1,0,3,3063,3086.302,3100.698,3124,3161.698,3222.698,3321.3959999999997
3063,65,1,0,0,1,0,1,0,3,3063,3087.83,3103.17,3128,3168.17,3233.17,3338.34
3063,89,1,0,1,1,0,0,0,3,3063,3096.998,3118.002,3152,3207.002,3296.002,3440.004
3077,84,1,0,0,1,0,1,0,3,3077,3109.088,3128.912,3161,3212.912,3296.912,3432.824
3084,75,1,0,1,1,0,1,0,4,3084,3112.65,3130.35,3159,3205.35,3280.35,3401.7
3091,92,1,0,0,1,0,1,0,3,3091,3126.144,3147.856,3183,3239.856,3331.8559999999998,3480.712
3100,88,1,0,1,1,0,0,0,3,3100,3133.616,3154.384,3188,3242.384,3330.384,3472.768
3110,61,1,0,0,1,1,0,0,3,3110,3133.302,3147.698,3171,3208.698,3269.698,3368.3959999999997
3110,75,1,0,0,1,0,1,0,3,3110,3138.65,3156.35,3185,3231.35,3306.35,3427.7
3110,92,1,0,1,1,0,0,0,3,3110,3145.144,3166.856,3202,3258.856,3350.8559999999998,3499.712
3110,99,1,0,1,1,0,1,0,4,3110,3147.818,3171.182,3209,3270.182,3369.182,3529.364
3118,65,1,0,0,1,1,1,1,5,3118,3142.83,3158.17,3183,3223.17,3288.17,3393.34
3118,96,1,0,0,1,0,1,0,3,3118,3154.672,3177.328,3214,3273.328,3369.328,3524.656
3120,34,1,0,0,1,0,1,0,3,3120,3132.988,3141.012,3154,3175.012,3209.012,3264.024
3120,65,1,0,0,1,1,0,0,3,3120,3144.83,3160.17,3185,3225.17,3290.17,3395.34
3120,81,1,0,0,1,0,1,0,3,3120,3150.942,3170.058,3201,3251.058,3332.058,3463.116
3124,35,1,0,1,1,0,1,0,4,3124,3137.37,3145.63,3159,3180.63,3215.63,3272.26
3124,61,1,0,0,1,1,0,0,3,3124,3147.302,3161.698,3185,3222.698,3283.698,3382.3959999999997
3124,99,1,0,1,1,0,0,0,3,3124,3161.818,3185.182,3223,3284.182,3383.182,3543.364
3130,34,1,0,0,1,1,0,0,3,3130,3142.988,3151.012,3164,3185.012,3219.012,3274.024
3130,55,1,0,1,1,0,0,0,3,3130,3151.01,3163.99,3185,3218.99,3273.99,3362.98
3130,86,1,0,1,1,0,0,0,3,3130,3162.852,3183.148,3216,3269.148,3355.148,3494.296
3135,81,1,0,1,1,0,0,0,3,3135,3165.942,3185.058,3216,3266.058,3347.058,3478.116
3146,79,1,0,0,1,0,1,0,3,3146,3176.178,3194.822,3225,3273.822,3352.822,3480.6440000000002
3154,55,1,0,1,1,1,0,0,4,3154,3175.01,3187.99,3209,3242.99,3297.99,3386.98
3164,61,1,0,1,1,0,0,0,3,3164,3187.302,3201.698,3225,3262.698,3323.698,3422.3959999999997
3164,79,1,0,0,1,1,0,0,3,3164,3194.178,3212.822,3243,3291.822,3370.822,3498.6440000000002
3167,34,1,0,1,1,0,0,0,3,3167,3179.988,3188.012,3201,3222.012,3256.012,3311.024
3171,54,1,0,0,1,0,1,0,3,3171,3191.628,3204.372,3225,3258.372,3312.372,3399.744
3171,96,1,0,1,1,0,0,0,3,3171,3207.672,3230.328,3267,3326.328,3422.328,3577.656
3185,96,1,0,0,1,0,1,1,4,3185,3221.672,3244.328,3281,3340.328,3436.328,3591.656
3188,45,1,0,1,1,0,1,0,4,3188,3205.19,3215.81,3233,3260.81,3305.81,3378.62
3209,34,1,0,1,1,0,0,1,4,3209,3221.988,3230.012,3243,3264.012,3298.012,3353.024
3209,99,1,0,0,1,1,0,1,4,3209,3246.818,3270.182,3308,3369.182,3468.182,3628.364
3214,35,1,0,0,1,0,1,0,3,3214,3227.37,3235.63,3249,3270.63,3305.63,3362.26
3223,34,1,0,0,1,0,1,0,3,3223,3235.988,3244.012,3257,3278.012,3312.012,3367.024
3223,65,1,0,0,1,0,1,0,3,3223,3247.83,3263.17,3288,3328.17,3393.17,3498.34
3225,55,1,0,0,1,0,1,1,4,3225,3246.01,3258.99,3280,3313.99,3368.99,3457.98
3233,34,1,0,0,1,1,1,0,4,3233,3245.988,3254.012,3267,3288.012,3322.012,3377.024
3233,55,1,0,1,1,1,0,1,5,3233,3254.01,3266.99,3288,3321.99,3376.99,3465.98
3233,75,1,0,0,1,1,0,1,4,3233,3261.65,3279.35,3308,3354.35,3429.35,3550.7
3233,99,1,0,0,1,1,0,1,4,3233,3270.818,3294.182,3332,3393.182,3492.182,3652.364
3243,65,1,0,0,1,0,1,0,3,3243,3267.83,3283.17,3308,3348.17,3413.17,3518.34
3243,79,1,0,1,1,0,0,0,3,3243,3273.178,3291.822,3322,3370.822,3449.822,3577.6440000000002
3257,45,1,0,0,1,0,1,1,4,3257,3274.19,3284.81,3302,3329.81,3374.81,3447.62
3257,55,1,0,0,1,1,1,0,4,3257,3278.01,3290.99,3312,3345.99,3400.99,3489.98
3257,65,1,0,1,1,0,0,0,3,3257,3281.83,3297.17,3322,3362.17,3427.17,3532.34
3257,75,1,0,0,1,1,0,0,3,3257,3285.65,3303.35,3332,3378.35,3453.35,3574.7
3257,89,1,0,1,1,1,0,0,4,3257,3290.998,3312.002,3346,3401.002,3490.002,3634.004
3267,86,1,0,0,1,1,0,0,3,3267,3299.852,3320.148,3353,3406.148,3492.148,3631.296
3280,89,1,0,0,1,0,1,0,3,3280,3313.998,3335.002,3369,3424.002,3513.002,3657.004
3288,65,1,0,0,1,1,1,0,4,3288,3312.83,3328.17,3353,3393.17,3458.17,3563.34
3292,89,1,0,0,1,1,0,1,4,3292,3325.998,3347.002,3381,3436.002,3525.002,3669.004
3297,35,1,0,0,1,1,0,1,4,3297,3310.37,3318.63,3332,3353.63,3388.63,3445.26
3297,81,1,0,0,1,0,1,0,3,3297,3327.942,3347.058,3378,3428.058,3509.058,3640.116
3308,45,1,0,0,1,1,1,0,4,3308,3325.19,3335.81,3353,3380.81,3425.81,3498.62
3308,61,1,0,1,1,0,0,0,3,3308,3331.302,3345.698,3369,3406.698,3467.698,3566.3959999999997
3312,34,1,0,0,1,0,1,0,3,3312,3324.988,3333.012,3346,3367.012,3401.012,3456.024
3312,99,1,0,0,1,1,0,1,4,3312,3349.818,3373.182,3411,3472.182,3571.182,3731.364
3322,89,1,0,0,1,1,0,1,4,3322,3355.998,3377.002,3411,3466.002,3555.002,3699.004
3332,79,1,0,1,1,1,0,1,5,3332,3362.178,3380.822,3411,3459.822,3538.822,3666.6440000000002
3332,89,1,0,0,1,0,1,0,3,3332,3365.998,3387.002,3421,3476.002,3565.002,3709.004
3346,65,1,0,0,1,1,0,0,3,3346,3370.83,3386.17,3411,3451.17,3516.17,3621.34
3346,96,1,0,0,1,0,1,0,3,3346,3382.672,3405.328,3442,3501.328,3597.328,3752.656
3353,35,1,0,1,1,0,1,0,4,3353,3366.37,3374.63,3388,3409.63,3444.63,3501.26
3353,89,1,0,0,1,1,1,0,4,3353,3386.998,3408.002,3442,3497.002,3586.002,3730.004
3354,34,1,0,1,1,0,0,0,3,3354,3366.988,3375.012,3388,3409.012,3443.012,3498.024
3369,79,1,0,0,1,1,0,0,3,3369,3399.178,3417.822,3448,3496.822,3575.822,3703.6440000000002
3369,89,1,0,0,1,1,0,0,3,3369,3402.998,3424.002,3458,3513.002,3602.002,3746.004
3375,61,1,0,1,1,0,0,1,4,3375,3398.302,3412.698,3436,3473.698,3534.698,3633.3959999999997
3378,88,1,0,0,1,1,0,0,3,3378,3411.616,3432.384,3466,3520.384,3608.384,3750.768
3388,54,1,0,1,1,0,0,0,3,3388,3408.628,3421.372,3442,3475.372,3529.372,3616.744
3393,79,1,0,1,1,0,0,0,3,3393,3423.178,3441.822,3472,3520.822,3599.822,3727.6440000000002
3401,35,1,0,0,1,1,0,0,3,3401,3414.37,3422.63,3436,3457.63,3492.63,3549.26
3401,96,1,0,1,1,0,1,0,4,3401,3437.672,3460.328,3497,3556.328,3652.328,3807.656
3411,34,1,0,0,1,1,0,0,3,3411,3423.988,3432.012,3445,3466.012,3500.012,3555.024
3411,55,1,0,1,1,0,0,1,4,3411,3432.01,3444.99,3466,3499.99,3554.99,3643.98
3411,86,1,0,1,1,0,0,0,3,3411,3443.852,3464.148,3497,3550.148,3636.148,3775.296
3413,45,1,0,0,1,1,1,1,5,3413,3430.19,3440.81,3458,3485.81,3530.81,3603.62
3413,96,1,0,1,1,1,1,0,5,3413,3449.672,3472.328,3509,3568.328,3664.328,3819.656
3426,81,1,0,0,1,1,0,0,3,3426,3456.942,3476.058,3507,3557.058,3638.058,3769.116
3436,84,1,0,0,1,1,0,0,3,3436,3468.088,3487.912,3520,3571.912,3655.912,3791.824
3442,55,1,0,0,1,1,1,1,5,3442,3463.01,3475.99,3497,3530.99,3585.99,3674.98
3442,89,1,0,1,1,1,1,0,5,3442,3475.998,3497.002,3531,3586.002,3675.002,3819.004
3445,75,1,0,0,1,0,1,0,3,3445,3473.65,3491.35,3520,3566.35,3641.35,3762.7
3448,61,1,0,1,1,0,0,0,3,3448,3471.302,3485.698,3509,3546.698,3607.698,3706.3959999999997
3466,96,1,0,0,1,0,1,0,3,3466,3502.672,3525.328,3562,3621.328,3717.328,3872.656
3483,89,1,0,0,1,1,0,0,3,3483,3516.998,3538.002,3572,3627.002,3716.002,3860.004
3486,34,1,0,1,1,0,0,0,3,3486,3498.988,3507.012,3520,3541.012,3575.012,3630.024
3486,45,1,0,0,1,0,1,0,3,3486,3503.19,3513.81,3531,3558.81,3603.81,3676.62
3496,55,1,0,0,1,1,0,0,3,3496,3517.01,3529.99,3551,3584.99,3639.99,3728.98
3496,89,1,0,1,1,0,0,0,3,3496,3529.998,3551.002,3585,3640.002,3729.002,3873.004
3496,96,1,0,0,1,0,1,0,3,3496,3532.672,3555.328,3592,3651.328,3747.328,3902.656
3497,34,1,0,0,1,0,1,1,4,3497,3509.988,3518.012,3531,3552.012,3586.012,3641.024
3497,65,1,0,0,1,0,1,0,3,3497,3521.83,3537.17,3562,3602.17,3667.17,3772.34
3504,61,1,0,0,1,0,1,1,4,3504,3527.302,3541.698,3565,3602.698,3663.698,3762.3959999999997
3507,61,1,0,0,1,1,1,0,4,3507,3530.302,3544.698,3568,3605.698,3666.698,3765.3959999999997
3507,99,1,0,1,1,1,1,1,6,3507,3544.818,3568.182,3606,3667.182,3766.182,3926.364
3513,79,1,0,1,1,1,0,0,4,3513,3543.178,3561.822,3592,3640.822,3719.822,3847.6440000000002
3513,84,1,0,1,1,0,0,0,3,3513,3545.088,3564.912,3597,3648.912,3732.912,3868.824
3513,86,1,0,0,1,1,1,0,4,3513,3545.852,3566.148,3599,3652.148,3738.148,3877.296
3513,96,1,0,1,1,0,0,0,3,3513,3549.672,3572.328,3609,3668.328,3764.328,3919.656
3520,84,1,0,1,1,0,0,0,3,3520,3552.088,3571.912,3604,3655.912,3739.912,3875.824
3520,86,1,0,0,1,1,0,0,3,3520,3552.852,3573.148,3606,3659.148,3745.148,3884.296
3520,89,1,0,0,1,1,0,0,3,3520,3553.998,3575.002,3609,3664.002,3753.002,3897.004
3531,34,1,0,0,1,1,0,1,4,3531,3543.988,3552.012,3565,3586.012,3620.012,3675.024
3531,55,1,0,1,1,0,1,0,4,3531,3552.01,3564.99,3586,3619.99,3674.99,3763.98
3531,61,1,0,0,1,0,1,0,3,3531,3554.302,3568.698,3592,3629.698,3690.698,3789.3959999999997
3531,75,1,0,0,1,1,0,0,3,3531,3559.65,3577.35,3606,3652.35,3727.35,3848.7
3531,84,1,0,0,1,1,0,0,3,3531,3563.088,3582.912,3615,3666.912,3750.912,3886.824
3551,34,1,0,1,1,1,0,0,4,3551,3563.988,3572.012,3585,3606.012,3640.012,3695.024
3551,65,1,0,0,1,0,1,0,3,3551,3575.83,3591.17,3616,3656.17,3721.17,3826.34
3557,84,1,0,1,1,0,0,1,4,3557,3589.088,3608.912,3641,3692.912,3776.912,3912.824
3562,65,1,0,0,1,1,0,1,4,3562,3586.83,3602.17,3627,3667.17,3732.17,3837.34
3565,34,1,0,1,1,0,0,0,3,3565,3577.988,3586.012,3599,3620.012,3654.012,3709.024
3568,65,1,0,0,1,0,1,0,3,3568,3592.83,3608.17,3633,3673.17,3738.17,3843.34
3568,96,1,0,1,1,0,0,0,3,3568,3604.672,3627.328,3664,3723.328,3819.328,3974.656
3572,55,1,0,1,1,0,0,0,3,3572,3593.01,3605.99,3627,3660.99,3715.99,3804.98
3572,92,1,0,0,1,1,0,0,3,3572,3607.144,3628.856,3664,3720.856,3812.8559999999998,3961.712
3580,84,1,0,0,1,0,1,0,3,3580,3612.088,3631.912,3664,3715.912,3799.912,3935.824
3580,89,1,0,0,1,1,0,0,3,3580,3613.998,3635.002,3669,3724.002,3813.002,3957.004
3585,84,1,0,0,1,1,0,1,4,3585,3617.088,3636.912,3669,3720.912,3804.912,3940.824
3586,55,1,0,0,1,1,0,0,3,3586,3607.01,3619.99,3641,3674.99,3729.99,3818.98
3586,81,1,0,0,1,1,0,0,3,3586,3616.942,3636.058,3667,3717.058,3798.058,3929.116
3586,89,1,0,1,1,0,0,1,4,3586,3619.998,3641.002,3675,3730.002,3819.002,3963.004
3592,99,1,0,0,1,0,1,0,3,3592,3629.818,3653.182,3691,3752.182,3851.182,4011.364
3597,55,1,0,0,1,1,0,0,3,3597,3618.01,3630.99,3652,3685.99,3740.99,3829.98
3597,89,1,0,1,1,0,0,0,3,3597,3630.998,3652.002,3686,3741.002,3830.002,3974.004
3599,65,1,0,1,1,0,0,0,3,3599,3623.83,3639.17,3664,3704.17,3769.17,3874.34
3604,65,1,0,1,1,0,1,1,5,3604,3628.83,3644.17,3669,3709.17,3774.17,3879.34
3606,35,1,0,1,1,0,0,1,4,3606,3619.37,3627.63,3641,3662.63,3697.63,3754.26
3606,61,1,0,1,1,1,1,0,5,3606,3629.302,3643.698,3667,3704.698,3765.698,3864.3959999999997
3609,35,1,0,0,1,0,1,1,4,3609,3622.37,3630.63,3644,3665.63,3700.63,3757.26
3615,79,1,0,1,1,0,0,0,3,3615,3645.178,3663.822,3694,3742.822,3821.822,3949.6440000000002
3615,86,1,0,0,1,1,0,0,3,3615,3647.852,3668.148,3701,3754.148,3840.148,3979.296
3623,84,1,0,1,1,0,0,0,3,3623,3655.088,3674.912,3707,3758.912,3842.912,3978.824
3627,55,1,0,0,1,0,1,0,3,3627,3648.01,3660.99,3682,3715.99,3770.99,3859.98
3628,96,1,0,0,1,0,1,1,4,3628,3664.672,3687.328,3724,3783.328,3879.328,4034.656
3633,84,1,0,0,1,0,1,0,3,3633,3665.088,3684.912,3717,3768.912,3852.912,3988.824
3641,45,1,0,1,1,0,0,1,4,3641,3658.19,3668.81,3686,3713.81,3758.81,3831.62
3644,50,1,0,1,1,0,0,0,3,3644,3663.1,3674.9,3694,3724.9,3774.9,3855.8
3647,35,1,0,1,1,0,0,0,3,3647,3660.37,3668.63,3682,3703.63,3738.63,3795.26
3647,84,1,0,1,1,0,0,0,3,3647,3679.088,3698.912,3731,3782.912,3866.912,4002.824
3652,34,1,0,0,1,1,0,0,3,3652,3664.988,3673.012,3686,3707.012,3741.012,3796.024
3652,55,1,0,1,1,0,0,1,4,3652,3673.01,3685.99,3707,3740.99,3795.99,3884.98
3652,65,1,0,0,1,1,0,0,3,3652,3676.83,3692.17,3717,3757.17,3822.17,3927.34
3652,86,1,0,1,1,1,0,0,4,3652,3684.852,3705.148,3738,3791.148,3877.148,4016.296
3659,65,1,0,1,1,0,0,0,3,3659,3683.83,3699.17,3724,3764.17,3829.17,3934.34
3659,88,1,0,0,1,0,1,0,3,3659,3692.616,3713.384,3747,3801.384,3889.384,4031.768
3664,35,1,0,1,1,1,0,0,4,3664,3677.37,3685.63,3699,3720.63,3755.63,3812.26
3667,54,1,0,0,1,1,0,0,3,3667,3687.628,3700.372,3721,3754.372,3808.372,3895.744
3669,88,1,0,0,1,0,1,1,4,3669,3702.616,3723.384,3757,3811.384,3899.384,4041.768
3675,96,1,0,0,1,0,1,0,3,3675,3711.672,3734.328,3771,3830.328,3926.328,4081.656
3682,35,1,0,0,1,0,1,0,3,3682,3695.37,3703.63,3717,3738.63,3773.63,3830.26
3682,84,1,0,0,1,0,1,0,3,3682,3714.088,3733.912,3766,3817.912,3901.912,4037.824
3686,61,1,0,1,1,0,0,0,3,3686,3709.302,3723.698,3747,3784.698,3845.698,3944.3959999999997
3686,88,1,0,0,1,1,1,0,4,3686,3719.616,3740.384,3774,3828.384,3916.384,4058.768
3699,75,1,0,0,1,0,1,1,4,3699,3727.65,3745.35,3774,3820.35,3895.35,4016.7
3701,65,1,0,0,1,1,0,0,3,3701,3725.83,3741.17,3766,3806.17,3871.17,3976.34
3701,99,1,0,1,1,0,0,0,3,3701,3738.818,3762.182,3800,3861.182,3960.182,4120.364
3707,50,1,0,1,1,0,0,0,3,3707,3726.1,3737.9,3757,3787.9,3837.9,3918.8
3707,55,1,0,0,1,0,1,0,3,3707,3728.01,3740.99,3762,3795.99,3850.99,3939.98
3731,79,1,0,0,1,1,0,0,3,3731,3761.178,3779.822,3810,3858.822,3937.822,4065.6440000000002
3742,79,1,0,1,1,0,0,0,3,3742,3772.178,3790.822,3821,3869.822,3948.822,4076.6440000000002
3742,86,1,0,0,1,1,0,0,3,3742,3774.852,3795.148,3828,3881.148,3967.148,4106.296
3747,81,1,0,0,1,0,1,0,3,3747,3777.942,3797.058,3828,3878.058,3959.058,4090.116
3747,86,1,0,1,1,0,1,0,4,3747,3779.852,3800.148,3833,3886.148,3972.148,4111.296
3766,34,1,0,0,1,1,0,0,3,3766,3778.988,3787.012,3800,3821.012,3855.012,3910.024
3766,55,1,0,1,1,0,0,0,3,3766,3787.01,3799.99,3821,3854.99,3909.99,3998.98
3771,35,1,0,0,1,1,0,0,3,3771,3784.37,3792.63,3806,3827.63,3862.63,3919.26
3771,50,1,0,0,1,0,1,0,3,3771,3790.1,3801.9,3821,3851.9,3901.9,3982.8
3771,88,1,0,0,1,1,0,0,3,3771,3804.616,3825.384,3859,3913.384,4001.384,4143.768
3774,79,1,0,0,1,1,0,0,3,3774,3804.178,3822.822,3853,3901.822,3980.822,4108.644
3786,65,1,0,0,1,0,1,0,3,3786,3810.83,3826.17,3851,3891.17,3956.17,4061.34
3791,88,1,0,0,1,1,1,0,4,3791,3824.616,3845.384,3879,3933.384,4021.384,4163.768
3800,81,1,0,0,1,0,1,0,3,3800,3830.942,3850.058,3881,3931.058,4012.058,4143.116
3806,45,1,0,0,1,1,0,0,3,3806,3823.19,3833.81,3851,3878.81,3923.81,3996.62
3806,86,1,0,1,1,1,0,0,4,3806,3838.852,3859.148,3892,3945.148,4031.148,4170.296
3810,34,1,0,0,1,0,1,0,3,3810,3822.988,3831.012,3844,3865.012,3899.012,3954.024
3810,79,1,0,1,1,0,1,0,4,3810,3840.178,3858.822,3889,3937.822,4016.822,4144.644
3810,92,1,0,0,1,1,0,0,3,3810,3845.144,3866.856,3902,3958.856,4050.8559999999998,4199.7119999999995
3814,81,1,0,0,1,1,0,0,3,3814,3844.942,3864.058,3895,3945.058,4026.058,4157.116
3814,88,1,0,0,1,1,0,0,3,3814,3847.616,3868.384,3902,3956.384,4044.384,4186.768
3821,92,1,0,0,1,1,0,0,3,3821,3856.144,3877.856,3913,3969.856,4061.8559999999998,4210.7119999999995
3828,79,1,0,0,1,1,1,0,4,3828,3858.178,3876.822,3907,3955.822,4034.822,4162.644
3828,88,1,0,0,1,1,0,0,3,3828,3861.616,3882.384,3916,3970.384,4058.384,4200.768
3832,81,1,0,0,1,1,0,0,3,3832,3862.942,3882.058,3913,3963.058,4044.058,4175.116
3837,55,1,0,0,1,1,0,1,4,3837,3858.01,3870.99,3892,3925.99,3980.99,4069.98
3837,89,1,0,1,1,0,1,0,4,3837,3870.998,3892.002,3926,3981.002,4070.002,4214.004
3844,55,1,0,0,1,1,0,0,3,3844,3865.01,3877.99,3899,3932.99,3987.99,4076.98
3844,89,1,0,1,1,0,0,0,3,3844,3877.998,3899.002,3933,3988.002,4077.002,4221.004
3851,65,1,0,0,1,1,1,0,4,3851,3875.83,3891.17,3916,3956.17,4021.17,4126.34
3851,75,1,0,0,1,1,0,1,4,3851,3879.65,3897.35,3926,3972.35,4047.35,4168.7
3853,88,1,0,1,1,0,0,0,3,3853,3886.616,3907.384,3941,3995.384,4083.384,4225.768
3859,54,1,0,1,1,0,0,0,3,3859,3879.628,3892.372,3913,3946.372,4000.372,4087.744
3859,92,1,0,1,1,0,1,1,5,3859,3894.144,3915.856,3951,4007.856,4099.856,4248.7119999999995
3889,89,1,0,0,1,0,1,0,3,3889,3922.998,3944.002,3978,4033.002,4122.002,4266.004
3892,34,1,0,1,1,0,0,0,3,3892,3904.988,3913.012,3926,3947.012,3981.012,4036.024
3892,86,1,0,1,1,0,0,0,3,3892,3924.852,3945.148,3978,4031.148,4117.148,4256.296
3895,50,1,0,1,1,0,0,1,4,3895,3914.1,3925.9,3945,3975.9,4025.9,4106.8
3895,61,1,0,1,1,0,0,0,3,3895,3918.302,3932.698,3956,3993.698,4054.698,4153.396
3895,75,1,0,1,1,0,1,1,5,3895,3923.65,3941.35,3970,4016.35,4091.35,4212.7
3899,92,1,0,1,1,0,0,1,4,3899,3934.144,3955.856,3991,4047.856,4139.856,4288.7119999999995
3907,65,1,0,0,1,1,0,0,3,3907,3931.83,3947.17,3972,4012.17,4077.17,4182.34
3907,84,1,0,1,1,0,1,0,4,3907,3939.088,3958.912,3991,4042.912,4126.912,4262.824
3916,88,1,0,1,1,0,0,1,4,3916,3949.616,3970.384,4004,4058.384,4146.384,4288.768
3916,96,1,0,0,1,0,1,0,3,3916,3952.672,3975.328,4012,4071.328,4167.3279999999995,4322.656
3933,88,1,0,1,1,0,0,1,4,3933,3966.616,3987.384,4021,4075.384,4163.384,4305.768
3941,50,1,0,1,1,0,0,0,3,3941,3960.1,3971.9,3991,4021.9,4071.9,4152.8
3941,89,1,0,0,1,1,0,0,3,3941,3974.998,3996.002,4030,4085.002,4174.002,4318.004
3956,35,1,0,1,1,0,0,0,3,3956,3969.37,3977.63,3991,4012.63,4047.63,4104.26
3956,86,1,0,0,1,1,0,0,3,3956,3988.852,4009.148,4042,4095.148,4181.148,4320.296
3959,45,1,0,1,1,0,0,1,4,3959,3976.19,3986.81,4004,4031.81,4076.81,4149.62
3963,79,1,0,1,1,1,0,0,4,3963,3993.178,4011.822,4042,4090.822,4169.822,4297.644
3963,86,1,0,0,1,0,1,0,3,3963,3995.852,4016.148,4049,4102.148,4188.148,4327.296
3970,34,1,0,1,1,0,0,0,3,3970,3982.988,3991.012,4004,4025.012,4059.012,4114.024
3970,79,1,0,0,1,0,1,1,4,3970,4000.178,4018.822,4049,4097.822,4176.822,4304.644
3978,92,1,0,1,1,1,0,0,4,3978,4013.144,4034.856,4070,4126.856,4218.856,4367.7119999999995
3987,34,1,0,0,1,1,1,0,4,3987,3999.988,4008.012,4021,4042.012,4076.012,4131.024
3987,55,1,0,1,1,1,0,0,4,3987,4008.01,4020.99,4042,4075.99,4130.99,4219.98
4004,96,1,0,0,1,0,1,0,3,4004,4040.672,4063.328,4100,4159.328,4255.3279999999995,4410.656
4012,88,1,0,0,1,1,0,1,4,4012,4045.616,4066.384,4100,4154.384,4242.384,4384.768
4021,79,1,0,1,1,0,0,0,3,4021,4051.178,4069.822,4100,4148.822,4227.822,4355.644
4024,84,1,0,1,1,0,0,0,3,4024,4056.088,4075.912,4108,4159.912,4243.912,4379.824
4030,55,1,0,0,1,1,0,0,3,4030,4051.01,4063.99,4085,4118.99,4173.99,4262.98
4030,65,1,0,1,1,0,0,1,4,4030,4054.83,4070.17,4095,4135.17,4200.17,4305.34
4030,89,1,0,1,1,0,0,0,3,4030,4063.998,4085.002,4119,4174.002,4263.002,4407.004
4035,35,1,0,0,1,0,1,0,3,4035,4048.37,4056.63,4070,4091.63,4126.63,4183.26
4035,84,1,0,0,1,0,1,0,3,4035,4067.088,4086.912,4119,4170.912,4254.912,4390.824
4042,65,1,0,0,1,1,0,0,3,4042,4066.83,4082.17,4107,4147.17,4212.17,4317.34
4070,45,1,0,0,1,0,1,1,4,4070,4087.19,4097.81,4115,4142.81,4187.81,4260.62
4070,84,1,0,1,1,0,0,0,3,4070,4102.088,4121.912,4154,4205.912,4289.912,4425.824
4070,92,1,0,1,1,0,1,0,4,4070,4105.144,4126.856,4162,4218.856,4310.856,4459.7119999999995
4076,86,1,0,0,1,1,0,0,3,4076,4108.852,4129.148,4162,4215.148,4301.148,4440.296
4085,65,1,0,0,1,0,1,0,3,4085,4109.83,4125.17,4150,4190.17,4255.17,4360.34
4085,84,1,0,0,1,0,1,0,3,4085,4117.088,4136.912,4169,4220.912,4304.912,4440.824
4095,99,1,0,0,1,1,1,0,4,4095,4132.818,4156.182,4194,4255.182,4354.182,4514.364
4100,88,1,0,1,1,0,0,0,3,4100,4133.616,4154.384,4188,4242.384,4330.384,4472.768
4100,92,1,0,0,1,1,0,0,3,4100,4135.144,4156.856,4192,4248.856,4340.856,4489.7119999999995
4107,81,1,0,0,1,0,1,0,3,4107,4137.942,4157.058,4188,4238.058,4319.058,4450.116
4108,54,1,0,0,1,0,1,0,3,4108,4128.628,4141.372,4162,4195.372,4249.372,4336.744
4108,61,1,0,0,1,0,1,0,3,4108,4131.302,4145.698,4169,4206.698,4267.698,4366.396
4108,65,1,0,0,1,1,0,0,3,4108,4132.83,4148.17,4173,4213.17,4278.17,4383.34
4108,96,1,0,1,1,0,1,0,4,4108,4144.672,4167.328,4204,4263.328,4359.3279999999995,4514.656
4115,79,1,0,0,1,1,1,0,4,4115,4145.178,4163.822,4194,4242.822,4321.822,4449.644
4115,89,1,0,0,1,1,0,0,3,4115,4148.998,4170.002,4204,4259.002,4348.002,4492.004
4119,50,1,0,1,1,0,0,0,3,4119,4138.1,4149.9,4169,4199.9,4249.9,4330.8
4122,45,1,0,1,1,0,0,1,4,4122,4139.19,4149.81,4167,4194.81,4239.81,4312.62
4127,65,1,0,1,1,0,1,0,4,4127,4151.83,4167.17,4192,4232.17,4297.17,4402.34
4150,65,1,0,0,1,1,0,0,3,4150,4174.83,4190.17,4215,4255.17,4320.17,4425.34
4154,55,1,0,1,1,1,0,1,5,4154,4175.01,4187.99,4209,4242.99,4297.99,4386.98
4162,99,1,0,0,1,1,0,0,3,4162,4199.818,4223.182,4261,4322.182,4421.182,4581.364
4169,35,1,0,0,1,0,1,0,3,4169,4182.37,4190.63,4204,4225.63,4260.63,4317.26
4186,84,1,0,0,1,1,0,0,3,4186,4218.088,4237.912,4270,4321.912,4405.912,4541.824
4194,61,1,0,0,1,0,1,0,3,4194,4217.302,4231.698,4255,4292.698,4353.698,4452.396
4204,45,1,0,0,1,0,1,1,4,4204,4221.19,4231.81,4249,4276.81,4321.81,4394.62
4204,96,1,0,0,1,1,0,0,3,4204,4240.672,4263.328,4300,4359.328,4455.3279999999995,4610.656
4209,34,1,0,0,1,1,0,0,3,4209,4221.988,4230.012,4243,4264.012,4298.012,4353.024
4209,55,1,0,1,1,0,0,0,3,4209,4230.01,4242.99,4264,4297.99,4352.99,4441.98
4209,96,1,0,1,1,0,0,0,3,4209,4245.672,4268.328,4305,4364.328,4460.3279999999995,4615.656
4213,92,1,0,1,1,0,0,0,3,4213,4248.144,4269.856,4305,4361.856,4453.856,4602.7119999999995
4215,34,1,0,0,1,1,0,1,4,4215,4227.988,4236.012,4249,4270.012,4304.012,4359.024
4215,55,1,0,1,1,0,1,0,4,4215,4236.01,4248.99,4270,4303.99,4358.99,4447.98
4215,65,1,0,1,1,0,1,0,4,4215,4239.83,4255.17,4280,4320.17,4385.17,4490.34
4215,79,1,0,1,1,0,0,0,3,4215,4245.178,4263.822,4294,4342.822,4421.822,4549.644
4243,79,1,0,0,1,1,0,0,3,4243,4273.178,4291.822,4322,4370.822,4449.822,4577.644
4243,92,1,0,1,1,0,0,0,3,4243,4278.144,4299.856,4335,4391.856,4483.856,4632.7119999999995
4249,45,1,0,0,1,1,0,0,3,4249,4266.19,4276.81,4294,4321.81,4366.81,4439.62
4259,35,1,0,0,1,0,1,0,3,4259,4272.37,4280.63,4294,4315.63,4350.63,4407.26
4261,45,1,0,1,1,0,0,0,3,4261,4278.19,4288.81,4306,4333.81,4378.81,4451.62
4261,84,1,0,1,1,0,0,0,3,4261,4293.088,4312.912,4345,4396.912,4480.912,4616.824
4264,81,1,0,0,1,1,0,0,3,4264,4294.942,4314.058,4345,4395.058,4476.058,4607.116
4270,84,1,0,1,1,0,0,0,3,4270,4302.088,4321.912,4354,4405.912,4489.912,4625.824
4289,35,1,0,1,1,0,0,0,3,4289,4302.37,4310.63,4324,4345.63,4380.63,4437.26
4297,88,1,0,1,1,0,0,0,3,4297,4330.616,4351.384,4385,4439.384,4527.384,4669.768
4300,54,1,0,0,1,1,0,0,3,4300,4320.628,4333.372,4354,4387.372,4441.372,4528.744
4305,54,1,0,1,1,0,0,0,3,4305,4325.628,4338.372,4359,4392.372,4446.372,4533.744
